INTERNET,BLUETOOTH,BLUETOOTH_ADMIN,BLUETOOTH_CONNECT,BLUETOOTH_SCAN,ACCESS_COARSE_LOCATION,ACCESS_FINE_LOCATION,ACCESS_NETWORK_STATE,ACCESS_WIFI_STATE,CAMERA,RECEIVE_BOOT_COMPLETED,WAKE_LOCK,FOREGROUND_SERVICE,POST_NOTIFICATIONS,RECEIVE,READ_EXTERNAL_STORAGE,28,MODIFY_AUDIO_SETTINGS,VIBRATE,BIND_GET_INSTALL_REFERRER_SERVICE,AD_ID
CALL_PHONE,INTERNET,READ_EXTERNAL_STORAGE,WRITE_EXTERNAL_STORAGE,GET_ACCOUNTS,USE_CREDENTIALS,ACCESS_NETWORK_STATE,READ_PHONE_STATE,CHANGE_NETWORK_STATE,ACCESS_COARSE_LOCATION,ACCESS_FINE_LOCATION,READ_GSERVICES,MAPS_RECEIVE,CAMERA,FLASHLIGHT,FLASHLIGHT,VIBRATE,WAKE_LOCK,RECEIVE,C2D_MESSAGE,C2D_MESSAGE
ACCESS_NETWORK_STATE,INTERNET,READ_PHONE_STATE,WRITE_EXTERNAL_STORAGE,VIBRATE
INTERNET
WRITE_EXTERNAL_STORAGE,INTERNET,MANAGE_DOCUMENTS
INTERNET,SYSTEM_ALERT_WINDOW,ACTION_MANAGE_OVERLAY_PERMISSION,BIND_ACCESSIBILITY_SERVICE,ACCESS_NETWORK_STATE,WAKE_LOCK
INTERNET,WRITE_EXTERNAL_STORAGE,READ_EXTERNAL_STORAGE,REQUEST_INSTALL_PACKAGES,ACCESS_COARSE_LOCATION,ACCESS_FINE_LOCATION,RECEIVE_BOOT_COMPLETED,WAKE_LOCK,RECORD_AUDIO,RECORD_VIDEO,MODIFY_AUDIO_SETTINGS,READ_PHONE_STATE,ACCESS_NETWORK_STATE,CAMERA,VIBRATE,PushHandlerActivity,BackgroundHandlerActivity,PushHandlerActivity,BackgroundHandlerActivity,BLUETOOTH,READ,WRITE,READ_SETTINGS,UPDATE_SHORTCUT,BROADCAST_BADGE,PROVIDER_INSERT_BADGE,UPDATE_COUNT,UPDATE_BADGE,CHANGE_BADGE,READ_SETTINGS,WRITE_SETTINGS,READ_APP_BADGE,READ_SETTINGS,WRITE_SETTINGS,BADGE_COUNT_READ,BADGE_COUNT_WRITE,RECEIVE
ca_custom_permission,INTERNET,ACCESS_NETWORK_STATE,READ_EXTERNAL_STORAGE,ACCESS_COARSE_LOCATION,CAMERA,RECORD_AUDIO,READ_LOGS,BATTERY_STATS,READ_PHONE_STATE,ACCESS_WIFI_STATE,USE_BIOMETRIC,USE_FINGERPRINT,WRITE_EXTERNAL_STORAGE,WAKE_LOCK,ACCESS_FINE_LOCATION,BLUETOOTH,MANAGE_OWN_CALLS,MODIFY_AUDIO_SETTINGS,FOREGROUND_SERVICE,WRITE_CALENDAR,READ_CALENDAR,RECEIVE,VIBRATE,BIND_GET_INSTALL_REFERRER_SERVICE,RECEIVE_BOOT_COMPLETED,READ,WRITE,READ_SETTINGS,UPDATE_SHORTCUT,BROADCAST_BADGE,PROVIDER_INSERT_BADGE,UPDATE_COUNT,UPDATE_BADGE,CHANGE_BADGE,READ_SETTINGS,WRITE_SETTINGS,READ_APP_BADGE,READ_SETTINGS,WRITE_SETTINGS,BADGE_COUNT_READ,BADGE_COUNT_WRITE
INTERNET,18,ACCESS_NETWORK_STATE,FOREGROUND_SERVICE,C2D_MESSAGE,C2D_MESSAGE,RECEIVE,WAKE_LOCK,VIBRATE,RECEIVE_BOOT_COMPLETED,READ,WRITE,READ_SETTINGS,UPDATE_SHORTCUT,BROADCAST_BADGE,PROVIDER_INSERT_BADGE,UPDATE_COUNT,UPDATE_BADGE,CHANGE_BADGE,READ_SETTINGS,WRITE_SETTINGS,READ_APP_BADGE,READ_SETTINGS,WRITE_SETTINGS,BADGE_COUNT_READ,BADGE_COUNT_WRITE,BIND_GET_INSTALL_REFERRER_SERVICE
INTERNET,ACCESS_NETWORK_STATE
INTERNET,ACCESS_NETWORK_STATE,WRITE_EXTERNAL_STORAGE,WAKE_LOCK
READ_CONTACTS,READ_SMS,SEND_SMS,WRITE_SMS,RECEIVE_SMS,RECEIVE_MMS,READ_PHONE_STATE,INTERNET,CHANGE_NETWORK_STATE,WRITE_APN_SETTINGS,VIBRATE,WAKE_LOCK,READ_PROFILE,INTERNET,ACCESS_NETWORK_STATE,GET_TASKS,CAMERA,WRITE_EXTERNAL_STORAGE,SYSTEM_ALERT_WINDOW,RECEIVE_BOOT_COMPLETED,BILLING,READ,WRITE,INSTALL_SHORTCUT,UNINSTALL_SHORTCUT,RECEIVE,ACCESS_FINE_LOCATION,C2D_MESSAGE,C2D_MESSAGE
INTERNET,ACCESS_NETWORK_STATE,FOREGROUND_SERVICE,WRITE_EXTERNAL_STORAGE,RECEIVE,WAKE_LOCK,BIND_GET_INSTALL_REFERRER_SERVICE
INTERNET,ACCESS_NETWORK_STATE,WAKE_LOCK,ACCESS_WIFI_STATE
INTERNET,SET_WALLPAPER,WRITE_EXTERNAL_STORAGE,FOREGROUND_SERVICE,ACCESS_NETWORK_STATE,C2D_MESSAGE,C2D_MESSAGE,RECEIVE,WAKE_LOCK,VIBRATE,RECEIVE_BOOT_COMPLETED,READ,WRITE,READ_SETTINGS,UPDATE_SHORTCUT,BROADCAST_BADGE,PROVIDER_INSERT_BADGE,UPDATE_COUNT,UPDATE_BADGE,CHANGE_BADGE,READ_SETTINGS,WRITE_SETTINGS,READ_APP_BADGE,READ_SETTINGS,WRITE_SETTINGS,BADGE_COUNT_READ,BADGE_COUNT_WRITE
INTERNET,ACCESS_COARSE_LOCATION,WRITE_EXTERNAL_STORAGE,ACCESS_NETWORK_STATE,GET_ACCOUNTS,RECEIVE_BOOT_COMPLETED,C2D_MESSAGE,C2D_MESSAGE,RECEIVE,WAKE_LOCK,BIND_GET_INSTALL_REFERRER_SERVICE
ACCESS_NETWORK_STATE,INTERNET,RECEIVE_BOOT_COMPLETED,BILLING,AD_ID,WAKE_LOCK,FOREGROUND_SERVICE
INTERNET,ACCESS_NETWORK_STATE,WAKE_LOCK,RECEIVE,C2D_MESSAGE,C2D_MESSAGE
ACCESS_COARSE_LOCATION,ACCESS_NETWORK_STATE,INTERNET,READ_PHONE_STATE,VIBRATE,ACCESS_WIFI_STATE,FOREGROUND_SERVICE,CALL_PHONE,READ_CONTACTS,CAMERA,MODIFY_AUDIO_SETTINGS,RECORD_AUDIO,READ_EXTERNAL_STORAGE,USE_FULL_SCREEN_INTENT,RECEIVE_BOOT_COMPLETED,WAKE_LOCK,RECEIVE,READ,WRITE,READ_SETTINGS,UPDATE_SHORTCUT,BROADCAST_BADGE,PROVIDER_INSERT_BADGE,UPDATE_COUNT,UPDATE_BADGE,CHANGE_BADGE,READ_SETTINGS,WRITE_SETTINGS,READ_APP_BADGE,READ_SETTINGS,WRITE_SETTINGS,BADGE_COUNT_READ,BADGE_COUNT_WRITE
INTERNET,READ_PHONE_STATE,ACCESS_NETWORK_STATE,GET_TASKS,WAKE_LOCK
INTERNET,ACCESS_NETWORK_STATE,RECEIVE_BOOT_COMPLETED,WRITE_EXTERNAL_STORAGE,BIND_GET_INSTALL_REFERRER_SERVICE,WAKE_LOCK,RECEIVE
WRITE_EXTERNAL_STORAGE,BLUETOOTH,BLUETOOTH_ADMIN,INTERNET,ACCESS_NETWORK_STATE
INTERNET,ACCESS_NETWORK_STATE
INTERNET,ACCESS_NETWORK_STATE,WRITE_EXTERNAL_STORAGE,WAKE_LOCK,AD_ID,BIND_GET_INSTALL_REFERRER_SERVICE,RECEIVE_BOOT_COMPLETED,FOREGROUND_SERVICE,RECEIVE
CHANGE_WIFI_STATE,INTERNET,ACCESS_WIFI_STATE,ACCESS_COARSE_LOCATION,ACCESS_NETWORK_STATE,READ_EXTERNAL_STORAGE,WRITE_EXTERNAL_STORAGE,WRITE_INTERNAL_STORAGE,CAMERA,RECORD_VIDEO,CHANGE_CONFIGURATION,MOUNT_UNMOUNT_FILESYSTEMS,MODIFY_AUDIO_SETTINGS,SYSTEM_ALERT_WINDOW,WRITE_SETTINGS
INTERNET,ACCESS_NETWORK_STATE,INTERNET,READ_LOGS,ACCESS_NETWORK_STATE,WRITE_EXTERNAL_STORAGE,READ_EXTERNAL_STORAGE,GET_ACCOUNTS,WAKE_LOCK,RECEIVE,C2D_MESSAGE,C2D_MESSAGE,CAMERA
INTERNET,ACCESS_NETWORK_STATE,ACCESS_WIFI_STATE,VIBRATE,WAKE_LOCK,ACCESS_FINE_LOCATION,RECEIVE_BOOT_COMPLETED,BLUETOOTH,RECEIVE,C2D_MESSAGE,C2D_MESSAGE
ACCESS_NETWORK_STATE,DOWNLOAD_WITHOUT_NOTIFICATION,GET_ACCOUNTS,READ_CONTACTS,READ_PROFILE,READ_USER_DICTIONARY,RECEIVE_BOOT_COMPLETED,VIBRATE,WRITE_EXTERNAL_STORAGE,WRITE_USER_DICTIONARY,INTERNET,READ_PHONE_STATE,MANAGE_DOCUMENTS,INTERACT_ACROSS_USERS_FULL,BILLING,READ_EXTERNAL_STORAGE,ACCESS_WIFI_STATE,GET_TASKS,BATTERY_STATS,RECEIVE_USER_PRESENT,WAKE_LOCK,RECEIVE,C2D_MESSAGE,C2D_MESSAGE
INTERNET,WRITE_EXTERNAL_STORAGE,BILLING,WAKE_LOCK,RECEIVE_BOOT_COMPLETED,ACCESS_NETWORK_STATE,GET_ACCOUNTS,BLUETOOTH,BLUETOOTH_ADMIN,ACCESS_COARSE_LOCATION,VIBRATE,CAMERA,READ_EXTERNAL_STORAGE,FOREGROUND_SERVICE,BIND_GET_INSTALL_REFERRER_SERVICE
UA_DATA,RECEIVE_ADM_MESSAGE,C2D_MESSAGE,INTERNET,ACCESS_NETWORK_STATE,ACCESS_WIFI_STATE,GET_ACCOUNTS,USE_CREDENTIALS,WAKE_LOCK,ACCESS_COARSE_LOCATION,MEDIA_CONTENT_CONTROL,VIBRATE,BLUETOOTH,BILLING,FOREGROUND_SERVICE,UA_DATA,RECEIVE_ADM_MESSAGE,RECEIVE,C2D_MESSAGE,RECEIVE,BIND_JOB_SERVICE
INTERNET
INTERNET,READ_PHONE_STATE,DISABLE_KEYGUARD,WAKE_LOCK,ACCESS_NETWORK_STATE
INTERNET,WRITE_EXTERNAL_STORAGE,BILLING,ACCESS_NETWORK_STATE,WAKE_LOCK,RECEIVE
INTERNET,ACCESS_NETWORK_STATE,WAKE_LOCK,CAMERA
RECORD_AUDIO,VIBRATE,READ_EXTERNAL_STORAGE,WRITE_EXTERNAL_STORAGE,CAMERA,INTERNET
INTERNET,ACCESS_NETWORK_STATE,ACCESS_WIFI_STATE,WRITE_EXTERNAL_STORAGE,WAKE_LOCK,VIBRATE,CAMERA,FLASHLIGHT,RECEIVE_BOOT_COMPLETED,ACCESS_COARSE_LOCATION,ACCESS_FINE_LOCATION,READ_EXTERNAL_STORAGE,FOREGROUND_SERVICE,READ,WRITE,READ_SETTINGS,UPDATE_SHORTCUT,BROADCAST_BADGE,PROVIDER_INSERT_BADGE,UPDATE_COUNT,UPDATE_BADGE,CHANGE_BADGE,READ_SETTINGS,WRITE_SETTINGS,READ_APP_BADGE,READ_SETTINGS,WRITE_SETTINGS,BADGE_COUNT_READ,BADGE_COUNT_WRITE,BIND_GET_INSTALL_REFERRER_SERVICE,RECEIVE,C2D_MESSAGE,C2D_MESSAGE,READ_PHONE_STATE
INTERNET,RECORD_AUDIO,ACCESS_COARSE_LOCATION,ACCESS_FINE_LOCATION,WRITE_EXTERNAL_STORAGE,ACCESS_NETWORK_STATE,WAKE_LOCK,VIBRATE,RECEIVE,C2D_MESSAGE,C2D_MESSAGE,READ,WRITE,READ_SETTINGS,UPDATE_SHORTCUT,BROADCAST_BADGE,PROVIDER_INSERT_BADGE,UPDATE_COUNT,UPDATE_BADGE,CHANGE_BADGE,READ_SETTINGS,WRITE_SETTINGS,READ_APP_BADGE,READ_SETTINGS,WRITE_SETTINGS,BADGE_COUNT_READ,BADGE_COUNT_WRITE
INTERNET,ACCESS_NETWORK_STATE,WAKE_LOCK,FOREGROUND_SERVICE,BILLING,RECEIVE,BIND_GET_INSTALL_REFERRER_SERVICE,AD_ID,RECEIVE_BOOT_COMPLETED,ACCESS_WIFI_STATE
MOUNT_UNMOUNT_FILESYSTEMS,WRITE_EXTERNAL_STORAGE,READ_EXTERNAL_STORAGE,INTERNET,ACCESS_NETWORK_STATE
INTERNET,WAKE_LOCK,BILLING,ACCESS_NETWORK_STATE
READ_EXTERNAL_STORAGE,WRITE_EXTERNAL_STORAGE,ACCESS_COARSE_LOCATION,ACCESS_FINE_LOCATION,RECEIVE_BOOT_COMPLETED,READ_CONTACTS,FOREGROUND_SERVICE,INTERNET,ACCESS_NETWORK_STATE,ACCESS_WIFI_STATE,WAKE_LOCK,MAPS_RECEIVE,MAPS_RECEIVE,READ_GSERVICES,VIBRATE,RECEIVE,BIND_GET_INSTALL_REFERRER_SERVICE
AD_ID,ACCESS_FINE_LOCATION,ACCESS_COARSE_LOCATION,ACCESS_NETWORK_STATE,INTERNET,WRITE_EXTERNAL_STORAGE,READ_EXTERNAL_STORAGE,GET_PACKAGE_SIZE,READ_PHONE_STATE,ACCESS_WIFI_STATE,CHANGE_WIFI_STATE,RECEIVE_BOOT_COMPLETED,BIND_ACCESSIBILITY_SERVICE,INSTALL_SHORTCUT,CAMERA,MOUNT_UNMOUNT_FILESYSTEMS,REQUEST_INSTALL_PACKAGES,FOREGROUND_SERVICE,OPPO_COMPONENT_SAFE,WAKE_LOCK,REQUEST_DELETE_PACKAGES,INTERNET,ACCESS_NETWORK_STATE,WRITE_EXTERNAL_STORAGE,READ_PHONE_STATE,GET_PACKAGE_SIZE,READ_PHONE_STATE,SYSTEM_ALERT_WINDOW,BROADCAST,CHANGE_NETWORK_STATE,REORDER_TASKS,BIND_GET_INSTALL_REFERRER_SERVICE,RECEIVE,VIBRATE,FLASHLIGHT,READ_PRIVILEGED_PHONE_STATE,RECORD_AUDIO
INTERNET
CAMERA,INTERNET
READ_PHONE_STATE,INTERNET,ACCESS_NETWORK_STATE,WAKE_LOCK,RECEIVE,C2D_MESSAGE,C2D_MESSAGE
INTERNET,ACCESS_NETWORK_STATE,WRITE_EXTERNAL_STORAGE,READ_EXTERNAL_STORAGE,WAKE_LOCK,VIBRATE,RECEIVE,C2D_MESSAGE,C2D_MESSAGE,READ,WRITE,READ_SETTINGS,UPDATE_SHORTCUT,BROADCAST_BADGE,UPDATE_COUNT,UPDATE_BADGE
INTERNET,ACCESS_NETWORK_STATE,WRITE_EXTERNAL_STORAGE,READ_EXTERNAL_STORAGE,RECEIVE_BOOT_COMPLETED,WAKE_LOCK,BIND_GET_INSTALL_REFERRER_SERVICE,RECEIVE
RECEIVE,WAKE_LOCK,INTERNET,ACCESS_NETWORK_STATE,READ_PHONE_STATE,GET_TASKS,WRITE_EXTERNAL_STORAGE,VIBRATE,BIND_GET_INSTALL_REFERRER_SERVICE,READ_EXTERNAL_STORAGE
INTERNET,ACCESS_NETWORK_STATE,ACCESS_WIFI_STATE
FLASHLIGHT,CAMERA,READ_PHONE_STATE,INTERNET,ACCESS_NETWORK_STATE,WAKE_LOCK
INTERNET
INTERNET,ACCESS_NETWORK_STATE
INTERNET,ACCESS_NETWORK_STATE,CHANGE_NETWORK_STATE,WRITE_EXTERNAL_STORAGE
ACCESS_NETWORK_STATE,INTERNET,READ_PHONE_STATE,ACCESS_WIFI_STATE,WRITE_EXTERNAL_STORAGE,WAKE_LOCK,RECEIVE_USER_PRESENT,VIBRATE
WAKE_LOCK,VIBRATE,INTERNET,ACCESS_NETWORK_STATE
ACCESS_NETWORK_STATE,ACCESS_WIFI_STATE,INTERNET,READ_EXTERNAL_STORAGE,WRITE_EXTERNAL_STORAGE,RECEIVE_BOOT_COMPLETED,WAKE_LOCK,VIBRATE,WRITE_USE_APP_FEATURE_SURVEY,RECEIVE,C2D_MESSAGE,C2D_MESSAGE,GI3_E97F0800__FE8AC018_D1FA_4683_98C9_02D777CD118B__INTERNAL_BROADCAST,GI3_E97F0800__FE8AC018_D1FA_4683_98C9_02D777CD118B__INTERNAL_BROADCAST
INTERNET,ACCESS_NETWORK_STATE
INTERNET,ACCESS_NETWORK_STATE
INTERNET,WRITE_EXTERNAL_STORAGE,VIBRATE,ACCESS_NETWORK_STATE,WAKE_LOCK,RECEIVE,C2D_MESSAGE,C2D_MESSAGE,READ,WRITE,READ_SETTINGS,UPDATE_SHORTCUT,BROADCAST_BADGE,PROVIDER_INSERT_BADGE,UPDATE_COUNT,UPDATE_BADGE,CHANGE_BADGE,READ_SETTINGS,WRITE_SETTINGS,READ_APP_BADGE,READ_SETTINGS,WRITE_SETTINGS,BADGE_COUNT_READ,BADGE_COUNT_WRITE
ACCESS_NETWORK_STATE,INTERNET,28,WRITE_CONTACTS,READ_CONTACTS,WRITE_SETTINGS,ACCESS_WIFI_STATE,AD_ID,WAKE_LOCK,RECEIVE_BOOT_COMPLETED,FOREGROUND_SERVICE,BIND_GET_INSTALL_REFERRER_SERVICE
RECEIVE,WAKE_LOCK,INTERNET,ACCESS_NETWORK_STATE,READ_PHONE_STATE,GET_TASKS,WRITE_EXTERNAL_STORAGE,VIBRATE,BIND_GET_INSTALL_REFERRER_SERVICE,READ_EXTERNAL_STORAGE
INTERNET,WRITE_EXTERNAL_STORAGE,ACCESS_NETWORK_STATE,READ_PHONE_STATE,WAKE_LOCK,FOREGROUND_SERVICE,BIND_GET_INSTALL_REFERRER_SERVICE,RECEIVE
READ_PHONE_STATE,INTERNET,ACCESS_NETWORK_STATE,WRITE_EXTERNAL_STORAGE
INTERNET,ACCESS_COARSE_LOCATION,ACCESS_NETWORK_STATE,READ_EXTERNAL_STORAGE,CAMERA,BILLING,ACCESS_WIFI_STATE,WRITE_EXTERNAL_STORAGE
ACCESS_NETWORK_STATE,INSTALL_PACKAGES,INTERNET
READ_EXTERNAL_STORAGE,WRITE_EXTERNAL_STORAGE,ACCESS_NETWORK_STATE,INTERNET,VIBRATE,WAKE_LOCK,RECEIVE_BOOT_COMPLETED
INTERNET,WAKE_LOCK,ACCESS_WIFI_STATE,ACCESS_NETWORK_STATE,WRITE_EXTERNAL_STORAGE,FOREGROUND_SERVICE

INTERNET,WRITE_EXTERNAL_STORAGE,GET_ACCOUNTS,USE_CREDENTIALS
INTERNET,WRITE_EXTERNAL_STORAGE,READ_EXTERNAL_STORAGE,ACCESS_NETWORK_STATE,INSTALL_SHORTCUT,GET_TASKS
INTERNET,ACCESS_NETWORK_STATE,ACCESS_WIFI_STATE,SET_WALLPAPER
INTERNET,ACCESS_NETWORK_STATE,ACCESS_WIFI_STATE,SET_WALLPAPER,READ_EXTERNAL_STORAGE,WRITE_EXTERNAL_STORAGE,VIBRATE,CHECK_LICENSE,WAKE_LOCK
MAPS_RECEIVE,ACCESS_NETWORK_STATE,ACCESS_FINE_LOCATION,ACCESS_COARSE_LOCATION,INTERNET,MAPS_RECEIVE,MAPS_RECEIVE,INTERNET,READ_GSERVICES,ACCESS_NETWORK_STATE,RECEIVE,GET_ACCOUNTS,WAKE_LOCK,ACCESS_FINE_LOCATION,ACCESS_WIFI_STATE,ACCESS_COARSE_LOCATION,28,READ_EXTERNAL_STORAGE,ACCESS_MEDIA_LOCATION,READ_PHONE_STATE,CAMERA,FLASHLIGHT,MPUSH_PERMISSION,MPUSH_PERMISSION,BILLING,BIND_GET_INSTALL_REFERRER_SERVICE,RECEIVE_BOOT_COMPLETED,FOREGROUND_SERVICE
WRITE_EXTERNAL_STORAGE,INTERNET,ACCESS_NETWORK_STATE,WAKE_LOCK,BIND_GET_INSTALL_REFERRER_SERVICE,RECEIVE
READ_EXTERNAL_STORAGE,WAKE_LOCK,WRITE_EXTERNAL_STORAGE,INTERNET,ACCESS_WIFI_STATE,ACCESS_NETWORK_STATE,READ_PHONE_STATE,GET_ACCOUNTS,ACCESS_COARSE_LOCATION,ACCESS_FINE_LOCATION,VIBRATE,BILLING,RECEIVE,BIND_GET_INSTALL_REFERRER_SERVICE,AD_ID,RECEIVE_BOOT_COMPLETED,FOREGROUND_SERVICE
INTERNET,WRITE_EXTERNAL_STORAGE,READ_EXTERNAL_STORAGE
RECORD_AUDIO,WRITE_EXTERNAL_STORAGE
WRITE_EXTERNAL_STORAGE,READ_EXTERNAL_STORAGE,ACCESS_COARSE_LOCATION,ACCESS_FINE_LOCATION,GET_ACCOUNTS,USE_CREDENTIALS,MANAGE_DOCUMENTS,INTERNET,ACCESS_NETWORK_STATE,WAKE_LOCK,VIBRATE,RECEIVE,C2D_MESSAGE,C2D_MESSAGE,READ,WRITE,READ_SETTINGS,UPDATE_SHORTCUT,BROADCAST_BADGE,PROVIDER_INSERT_BADGE,UPDATE_COUNT,UPDATE_BADGE,CHANGE_BADGE,READ_SETTINGS,WRITE_SETTINGS,READ_APP_BADGE,READ_SETTINGS,WRITE_SETTINGS,BADGE_COUNT_READ,BADGE_COUNT_WRITE
INTERNET,WRITE_EXTERNAL_STORAGE,ACCESS_NETWORK_STATE,RECORD_AUDIO,MODIFY_AUDIO_SETTINGS,READ_PHONE_STATE,RECORD_VIDEO,READ_EXTERNAL_STORAGE,VIBRATE,READ_CALENDAR,WRITE_CALENDAR,WAKE_LOCK,RECEIVE,C2D_MESSAGE,C2D_MESSAGE,READ,WRITE,READ_SETTINGS,UPDATE_SHORTCUT,BROADCAST_BADGE,PROVIDER_INSERT_BADGE,UPDATE_COUNT,UPDATE_BADGE,CHANGE_BADGE,READ_SETTINGS,WRITE_SETTINGS,READ_APP_BADGE,READ_SETTINGS,WRITE_SETTINGS,BADGE_COUNT_READ,BADGE_COUNT_WRITE
INTERNET,WRITE_EXTERNAL_STORAGE,ACCESS_NETWORK_STATE,WAKE_LOCK
ACCESS_COARSE_LOCATION,ACCESS_FINE_LOCATION,RECEIVE_BOOT_COMPLETED,BLUETOOTH,INTERNET,ACCESS_NETWORK_STATE,ACCESS_WIFI_STATE,WAKE_LOCK
ACCESS_NETWORK_STATE,INTERNET,READ_PHONE_STATE,MODIFY_AUDIO_SETTINGS

SYSTEM_ALERT_WINDOW,ACTION_MANAGE_OVERLAY_PERMISSION,ACCESS_NETWORK_STATE,INTERNET,RECEIVE_BOOT_COMPLETED,FOREGROUND_SERVICE,WAKE_LOCK,BIND_GET_INSTALL_REFERRER_SERVICE
ACCESS_NETWORK_STATE,INTERNET,WRITE_EXTERNAL_STORAGE,ACCESS_WIFI_STATE
READ_GSERVICES,WRITE_GSERVICES,INTERNET,ACCESS_NETWORK_STATE,ACCESS_WIFI_STATE
INTERNET,ACCESS_NETWORK_STATE
INTERNET,ACCESS_NETWORK_STATE,WRITE_EXTERNAL_STORAGE,READ_EXTERNAL_STORAGE
INTERNET,ACCESS_NETWORK_STATE
INTERNET,ACCESS_NETWORK_STATE,CAMERA,AD_ID,VIBRATE,WAKE_LOCK,RECEIVE,BIND_GET_INSTALL_REFERRER_SERVICE,REORDER_TASKS
REQUEST_INSTALL_PACKAGES,READ_EXTERNAL_STORAGE,WRITE_EXTERNAL_STORAGE,SET_WALLPAPER,SYSTEM_ALERT_WINDOW,GET_TASKS,REORDER_TASKS,GET_ACCOUNTS,WAKE_LOCK,RECEIVE,INTERNET,ACCESS_NETWORK_STATE,READ_PHONE_STATE,ACCESS_COARSE_LOCATION,ACCESS_FINE_LOCATION,ACCESS_BACKGROUND_LOCATION,ACTIVITY_RECOGNITION,ACCESS_LOCATION_EXTRA_COMMANDS,READ_SYNC_SETTINGS,WRITE_SYNC_SETTINGS,AUTHENTICATE_ACCOUNTS,DOWNLOAD_WITHOUT_NOTIFICATION,SET_WALLPAPER_HINTS,ACCESS_WIFI_STATE,CHANGE_WIFI_STATE,RECEIVE_BOOT_COMPLETED,WRITE_SETTINGS,BLUETOOTH,BLUETOOTH_ADMIN,EXPAND_STATUS_BAR,VIBRATE,SET_TIME_ZONE,ACTIVITY_RECOGNITION,KILL_BACKGROUND_PROCESSES,CHANGE_NETWORK_STATE,FOREGROUND_SERVICE,REQUEST_DELETE_PACKAGES,BIND_NOTIFICATION_LISTENER_SERVICE,PACKAGE_USAGE_STATS,REAL_GET_TASKS,REQUEST_IGNORE_BATTERY_OPTIMIZATIONS,SET_UP_ENVIRONMENT,C2D_MESSAGE,SYNC_FILES_COMMAND,PRESENTATION,PUSH_FALLBACK,INVOKE_SETUP_ENVIRONMENT,INVOKE_SETUP_ENVIRONMENT,EVA_PHONE_ACTIONS,START_REMOTE_CAST,CHANGE_COMPONENT_ENABLED_STATE,WRITE_SECURE_SETTINGS,INSTALL_PACKAGES,CLEAR_APP_USER_DATA,Support permission,SUPPORT_PERMISSION,KNOX_HW_CONTROL,KNOX_APP_MGMT,KNOX_RESTRICTION_MGMT,KNOX_KIOSK_MODE,KNOX_WIFI,KNOX_BLUETOOTH,KNOX_ENTERPRISE_DEVICE_ADMIN,KNOX_MULTI_USER_MGMT,KNOX_SECURITY,KNOX_INVENTORY,KNOX_CUSTOM_SYSTEM,KNOX_CUSTOM_SETTING,KNOX_DATE_TIME,KNOX_LOCATION,INTERACT_ACROSS_USERS,CAMERA,RECORD_AUDIO,MODIFY_AUDIO_SETTINGS,FLASHLIGHT,CALL_PHONE,ACCESS_MX_MANAGEMENT_FRAMEWORK_SERVICE,ACCESS_MX_MANAGEMENT_FRAMEWORK_SERVICE,ENTERPRISE_API,READ_WRITE_DATA,CALL_ASSIST_SERVICE,READ_WRITE_DATA,OEMMDM_READ_WRITE_DATA,C2D_MESSAGE,PING_ACTIVITY,CALL_STATE,LAUNCH_MOBILOCK_BROWSER,MANAGE_ACCOUNTS,READ_GSERVICES,READ_PHONE_NUMBERS,MANAGE_EXTERNAL_STORAGE,QUERY_ALL_PACKAGES,BIND_GET_INSTALL_REFERRER_SERVICE
INTERNET,ACCESS_NETWORK_STATE,WRITE_EXTERNAL_STORAGE
INTERNET,ACCESS_COARSE_LOCATION,ACCESS_FINE_LOCATION,RECEIVE,RECEIVE_ADM_MESSAGE,RECEIVE_ADM_MESSAGE,ACCESS_NETWORK_STATE,WRITE_EXTERNAL_STORAGE,C2D_MESSAGE,C2D_MESSAGE,RECEIVE,WAKE_LOCK,VIBRATE,RECEIVE_BOOT_COMPLETED,READ,WRITE,READ_SETTINGS,UPDATE_SHORTCUT,BROADCAST_BADGE,PROVIDER_INSERT_BADGE,UPDATE_COUNT,UPDATE_BADGE,CHANGE_BADGE,READ_SETTINGS,WRITE_SETTINGS,READ_APP_BADGE,READ_SETTINGS,WRITE_SETTINGS,BADGE_COUNT_READ,BADGE_COUNT_WRITE
ACCESS_NETWORK_STATE,ACCESS_WIFI_STATE,INTERNET,22,WRITE_EXTERNAL_STORAGE,READ_EXTERNAL_STORAGE,WAKE_LOCK,FOREGROUND_SERVICE,RECEIVE_BOOT_COMPLETED,BILLING,SCHEDULE_EXACT_ALARM,BIND_GET_INSTALL_REFERRER_SERVICE,RECEIVE
INTERNET,ACCESS_FINE_LOCATION,ACCESS_COARSE_LOCATION,WRITE_EXTERNAL_STORAGE,READ_EXTERNAL_STORAGE,BILLING,ACCESS_NETWORK_STATE,WAKE_LOCK,RECEIVE,BIND_GET_INSTALL_REFERRER_SERVICE
VIBRATE,INTERNET,ACCESS_NETWORK_STATE,ACCESS_WIFI_STATE,SET_ALARM
ACCESS_NETWORK_STATE,INTERNET,ACCESS_WIFI_STATE,C2D_MESSAGE,C2D_MESSAGE,RECEIVE,WAKE_LOCK,VIBRATE,RECEIVE_BOOT_COMPLETED,READ,WRITE,READ_SETTINGS,UPDATE_SHORTCUT,BROADCAST_BADGE,PROVIDER_INSERT_BADGE,UPDATE_COUNT,UPDATE_BADGE,CHANGE_BADGE,READ_SETTINGS,WRITE_SETTINGS,READ_APP_BADGE,READ_SETTINGS,WRITE_SETTINGS,BADGE_COUNT_READ,BADGE_COUNT_WRITE
CHANGE_CONFIGURATION,INTERNET,WRITE_EXTERNAL_STORAGE,ACCESS_NETWORK_STATE,ACCESS_WIFI_STATE,MOUNT_UNMOUNT_FILESYSTEMS,RECEIVE,WAKE_LOCK,SEND,GET_ACCOUNTS,READ_GSERVICES,C2D_MESSAGE,C2D_MESSAGE,USE_CREDENTIALS
INTERNET,ACCESS_NETWORK_STATE,WAKE_LOCK,RECEIVE,C2D_MESSAGE,C2D_MESSAGE
INTERNET,ACCESS_NETWORK_STATE,ACCESS_WIFI_STATE,WRITE_EXTERNAL_STORAGE,READ_EXTERNAL_STORAGE,ACCESS_FINE_LOCATION,VIBRATE,WAKE_LOCK,UA_DATA,BIND_GET_INSTALL_REFERRER_SERVICE,RECEIVE
ACCESS_COARSE_LOCATION,ACCESS_FINE_LOCATION,ACCESS_NETWORK_STATE,CAMERA,INTERNET,ACCESS_WIFI_STATE,RECEIVE_BOOT_COMPLETED,READ_EXTERNAL_STORAGE,VIBRATE,WRITE_EXTERNAL_STORAGE,WRITE_CALENDAR,CALL_PHONE,FOREGROUND_SERVICE,WAKE_LOCK,MAPS_RECEIVE,C2D_MESSAGE,RECEIVE,READ_CONTACTS,BIND_GET_INSTALL_REFERRER_SERVICE
INTERNET,ACCESS_NETWORK_STATE,WRITE_EXTERNAL_STORAGE,READ_EXTERNAL_STORAGE
INTERNET,ACCESS_NETWORK_STATE
INTERNET,ACCESS_NETWORK_STATE,ACCESS_WIFI_STATE,WRITE_EXTERNAL_STORAGE,RECORD_AUDIO,MODIFY_AUDIO_SETTINGS,READ_PHONE_STATE,CAMERA,FLASHLIGHT,ACCESS_COARSE_LOCATION,ACCESS_FINE_LOCATION,WAKE_LOCK,VIBRATE,RECEIVE,C2D_MESSAGE,C2D_MESSAGE,RECEIVE_BOOT_COMPLETED,UA_DATA,UA_DATA,C2D_MESSAGE,C2D_MESSAGE,RECEIVE,RECEIVE_ADM_MESSAGE,RECEIVE_ADM_MESSAGE

INTERNET,ACCESS_WIFI_STATE,ACCESS_NETWORK_STATE,CHANGE_WIFI_STATE,FLASHLIGHT,VIBRATE,DISABLE_KEYGUARD,READ_SETTINGS,WAKE_LOCK,RECEIVE_BOOT_COMPLETED,WRITE_EXTERNAL_STORAGE,READ_EXTERNAL_STORAGE,RECORD_AUDIO,CAMERA,ACCESS_FINE_LOCATION,ACCESS_COARSE_LOCATION,READ_PHONE_STATE,FOREGROUND_SERVICE,ACCESS_DOWNLOAD_MANAGER,DOWNLOAD_WITHOUT_NOTIFICATION,EXPAND_STATUS_BAR,app,app,RECEIVE_MSG,RECEIVE_MSG,GET_TASKS,MIPUSH_RECEIVE,MIPUSH_RECEIVE,REQUEST_INSTALL_PACKAGES,PROCESS_PUSH_MSG,PROCESS_PUSH_MSG,RECEIVE,MESSAGE,MESSAGE,RECEIVE,C2D_MESSAGE,C2D_MESSAGE,RECIEVE_MCS_MESSAGE,RECIEVE_MCS_MESSAGE,MOUNT_UNMOUNT_FILESYSTEMS,READ,WRITE,READ_SETTINGS,UPDATE_SHORTCUT,BROADCAST_BADGE,PROVIDER_INSERT_BADGE,UPDATE_COUNT,UPDATE_BADGE,CHANGE_BADGE,READ_SETTINGS,WRITE_SETTINGS,READ_APP_BADGE,READ_SETTINGS,WRITE_SETTINGS,BADGE_COUNT_READ,BADGE_COUNT_WRITE

INTERNET,ACCESS_NETWORK_STATE
INTERNET,ACCESS_NETWORK_STATE,ACCESS_WIFI_STATE,SYSTEM_ALERT_WINDOW,READ_EXTERNAL_STORAGE,WRITE_EXTERNAL_STORAGE,CAMERA,WAKE_LOCK
INTERNET,RECEIVE_BOOT_COMPLETED,ACCESS_NETWORK_STATE,FOREGROUND_SERVICE,WAKE_LOCK,BIND_GET_INSTALL_REFERRER_SERVICE
WRITE_EXTERNAL_STORAGE,INTERNET,ACCESS_NETWORK_STATE

Unlock pro features,UNLOCK,RECEIVE_BOOT_COMPLETED,INTERNET,ACCESS_NETWORK_STATE,ACCESS_WIFI_STATE,CHANGE_WIFI_STATE,WRITE_EXTERNAL_STORAGE,READ_EXTERNAL_STORAGE,WAKE_LOCK,BILLING,MANAGE_EXTERNAL_STORAGE,POST_NOTIFICATIONS,FOREGROUND_SERVICE,BIND_GET_INSTALL_REFERRER_SERVICE,AD_ID,USE_BIOMETRIC,USE_FINGERPRINT,RECEIVE,DYNAMIC_RECEIVER_NOT_EXPORTED_PERMISSION,DYNAMIC_RECEIVER_NOT_EXPORTED_PERMISSION
INTERNET,ACCESS_WIFI_STATE,ACCESS_NETWORK_STATE
WRITE_EXTERNAL_STORAGE,INTERNET,GET_ACCOUNTS,WAKE_LOCK,ACCESS_NETWORK_STATE,RECEIVE,SEND,C2D_MESSAGE,VIBRATE,C2D_MESSAGE,CAMERA,C2D_MESSAGE,C2D_MESSAGE
INTERNET,ACCESS_NETWORK_STATE,WAKE_LOCK,BIND_GET_INSTALL_REFERRER_SERVICE,RECEIVE
INTERNET,SYSTEM_ALERT_WINDOW,ACCESS_FINE_LOCATION,CAMERA,ACCESS_NETWORK_STATE,ACCESS_WIFI_STATE,ACCESS_COARSE_LOCATION,WRITE_EXTERNAL_STORAGE,C2D_MESSAGE,C2D_MESSAGE,RECEIVE,WAKE_LOCK,VIBRATE,RECEIVE_BOOT_COMPLETED,READ,WRITE,READ_SETTINGS,UPDATE_SHORTCUT,BROADCAST_BADGE,PROVIDER_INSERT_BADGE,UPDATE_COUNT,UPDATE_BADGE,CHANGE_BADGE,READ_SETTINGS,WRITE_SETTINGS,READ_APP_BADGE,READ_SETTINGS,WRITE_SETTINGS,BADGE_COUNT_READ,BADGE_COUNT_WRITE,BIND_GET_INSTALL_REFERRER_SERVICE
INTERNET,ACCESS_NETWORK_STATE,VIBRATE,ACCESS_FINE_LOCATION,WAKE_LOCK
CAMERA,WRITE_EXTERNAL_STORAGE,INTERNET,ACCESS_NETWORK_STATE,DELETE_CACHE_FILES
READ_PHONE_STATE,ACCESS_NETWORK_STATE,INTERNET,WRITE_EXTERNAL_STORAGE,WAKE_LOCK,VIBRATE,RECEIVE_BOOT_COMPLETED,GET_ACCOUNTS,RECEIVE
INTERNET,ACCESS_NETWORK_STATE
ACCESS_NETWORK_STATE,INTERNET,ACCESS_WIFI_STATE,WRITE_INTERNAL_STORAGE
BILLING,ACCESS_COARSE_LOCATION,WAKE_LOCK,INTERNET,ACCESS_NETWORK_STATE,BIND_GET_INSTALL_REFERRER_SERVICE,RECEIVE_BOOT_COMPLETED
INTERNET,ACCESS_NETWORK_STATE,RECEIVE_BOOT_COMPLETED,CAMERA,WAKE_LOCK,BIND_GET_INSTALL_REFERRER_SERVICE,RECEIVE
WRITE_EXTERNAL_STORAGE,ACCESS_COARSE_LOCATION,ACCESS_FINE_LOCATION,ACCESS_NETWORK_STATE,READ_GSERVICES,READ_GSERVICES,INTERNET,WAKE_LOCK,RECEIVE,C2D_MESSAGE,C2D_MESSAGE,SYSTEM_ALERT_WINDOW,READ_PHONE_STATE,CAMERA,VIBRATE
INTERNET,ACCESS_NETWORK_STATE,ACCESS_WIFI_STATE,WRITE_EXTERNAL_STORAGE,WAKE_LOCK,RECEIVE,C2D_MESSAGE,C2D_MESSAGE
WRITE_EXTERNAL_STORAGE,INTERNET,ACCESS_NETWORK_STATE,ACCESS_WIFI_STATE,WAKE_LOCK
INTERNET,WRITE_EXTERNAL_STORAGE,READ_EXTERNAL_STORAGE,ACCESS_COARSE_LOCATION,ACCESS_FINE_LOCATION,ACCESS_NETWORK_STATE,BLUETOOTH,BLUETOOTH_ADMIN,USE_FINGERPRINT,USE_BIOMETRIC,WAKE_LOCK,RECEIVE,C2D_MESSAGE,C2D_MESSAGE
INTERNET,ACCESS_NETWORK_STATE
INTERNET,ACCESS_NETWORK_STATE,ACCESS_WIFI_STATE,WRITE_EXTERNAL_STORAGE,READ_EXTERNAL_STORAGE
INTERNET,ACCESS_WIFI_STATE,ACCESS_NETWORK_STATE,WRITE_EXTERNAL_STORAGE,ACCESS_COARSE_LOCATION,ACCESS_FINE_LOCATION,CAMERA
READ_PROFILE,READ_CONTACTS,WRITE_EXTERNAL_STORAGE,INTERNET,READ_PRIVILEGED_PHONE_STATE,GET_ACCOUNTS,ACCESS_NETWORK_STATE,RECEIVE_BOOT_COMPLETED,ACCESS_COARSE_LOCATION,ACCESS_FINE_LOCATION,READ_PHONE_STATE,VIBRATE,WAKE_LOCK,RECEIVE,READ_EXTERNAL_STORAGE,CAMERA,DISABLE_KEYGUARD,WRITE_SETTINGS,C2D_MESSAGE,C2D_MESSAGE,BILLING,READ_EXTERNAL_STORAGE,CAMERA,REQUEST_IGNORE_BATTERY_OPTIMIZATIONS,READ_GSERVICES,QUERY_ALL_PACKAGES,PACKAGE_USAGE_STATS,AD_ID,BIND_GET_INSTALL_REFERRER_SERVICE
RECEIVE_BOOT_COMPLETED,SYSTEM_ALERT_WINDOW,INTERNET,ACCESS_NETWORK_STATE,CHANGE_WIFI_STATE,RECEIVE,WAKE_LOCK,C2D_MESSAGE,C2D_MESSAGE

INTERNET,ACCESS_COARSE_LOCATION,ACCESS_NETWORK_STATE,RECEIVE_BOOT_COMPLETED,AUTHENTICATE_ACCOUNTS,WRITE_SYNC_SETTINGS,READ_SYNC_SETTINGS,READ_SYNC_STATS,GET_ACCOUNTS
ACCESS_NETWORK_STATE,ACCESS_WIFI_STATE,BATTERY_STATS,BIND_NOTIFICATION_LISTENER_SERVICE,INTERNET,READ_EXTERNAL_STORAGE,READ_LOGS,READ_PHONE_STATE,WRITE_EXTERNAL_STORAGE,WRITE_USER_DICTIONARY,CAMERA,ACCESS_FINE_LOCATION
INTERNET
SET_WALLPAPER,CAMERA,WRITE_EXTERNAL_STORAGE,INTERNET,READ_EXTERNAL_STORAGE,ACCESS_NETWORK_STATE
ACCESS_COARSE_LOCATION,ACCESS_FINE_LOCATION,INTERNET,READ_PHONE_STATE,ACCESS_NETWORK_STATE,ACCESS_WIFI_STATE,GET_ACCOUNTS,RECEIVE_BOOT_COMPLETED,WRITE_EXTERNAL_STORAGE,READ_EXTERNAL_STORAGE,VIBRATE,AD_ID,BIND_GET_INSTALL_REFERRER_SERVICE,FOREGROUND_SERVICE,WAKE_LOCK,RECEIVE
BILLING,INTERNET,WRITE_EXTERNAL_STORAGE,ACCESS_NETWORK_STATE
CAMERA,autofocus,INTERNET,ACCESS_NETWORK_STATE,FLASHLIGHT,SHAKE,BILLING,WRITE_EXTERNAL_STORAGE
INTERNET,WRITE_EXTERNAL_STORAGE,READ_EXTERNAL_STORAGE,CAMERA,MODIFY_AUDIO_SETTINGS
INTERNET,READ_PHONE_STATE,WRITE_EXTERNAL_STORAGE,WAKE_LOCK,GET_ACCOUNTS,RECEIVE,ACCESS_NETWORK_STATE,ACCESS_WIFI_STATE,C2D_MESSAGE,C2D_MESSAGE,RECORD_AUDIO
INTERNET,WRITE_EXTERNAL_STORAGE
WRITE_EXTERNAL_STORAGE,READ_EXTERNAL_STORAGE,INTERNET,ACCESS_NETWORK_STATE,WAKE_LOCK,BIND_GET_INSTALL_REFERRER_SERVICE,RECEIVE,BILLING
ACCESS_COARSE_LOCATION,ACCESS_FINE_LOCATION,ACCESS_NETWORK_STATE,CALL_PHONE,CAMERA,DOWNLOAD_WITHOUT_NOTIFICATION,INTERNET,READ_EXTERNAL_STORAGE,RECEIVE_BOOT_COMPLETED,SYSTEM_ALERT_WINDOW,VIBRATE,WRITE_EXTERNAL_STORAGE,READ_GSERVICES,WRITE_GSERVICES,RECEIVE,WAKE_LOCK,READ,WRITE,READ_SETTINGS,UPDATE_SHORTCUT,BROADCAST_BADGE,PROVIDER_INSERT_BADGE,UPDATE_COUNT,UPDATE_BADGE,CHANGE_BADGE,READ_SETTINGS,WRITE_SETTINGS,READ_APP_BADGE,READ_SETTINGS,WRITE_SETTINGS,BADGE_COUNT_READ,BADGE_COUNT_WRITE,ACCESS_WIFI_STATE,CHECK_LICENSE,BIND_GET_INSTALL_REFERRER_SERVICE
INTERNET
SET_WALLPAPER,WRITE_EXTERNAL_STORAGE,INTERNET,ACCESS_NETWORK_STATE,BILLING,READ_EXTERNAL_STORAGE,FOREGROUND_SERVICE,WAKE_LOCK,RECEIVE,BIND_GET_INSTALL_REFERRER_SERVICE,AD_ID,RECEIVE_BOOT_COMPLETED
INTERNET,READ_EXTERNAL_STORAGE,REQUEST_INSTALL_PACKAGES,WRITE_EXTERNAL_STORAGE,CAMERA,FLASHLIGHT,ACCESS_WIFI_STATE,ACCESS_NETWORK_STATE,CHANGE_WIFI_STATE,CHANGE_NETWORK_STATE,ACCESS_FINE_LOCATION
INTERNET,ACCESS_NETWORK_STATE,ACCESS_WIFI_STATE,BILLING
INTERNET,WRITE_EXTERNAL_STORAGE,RECORD_AUDIO,MODIFY_AUDIO_SETTINGS,READ_PHONE_STATE,ACCESS_NETWORK_STATE
INTERNET,GET_ACCOUNTS,WAKE_LOCK,RECEIVE,C2D_MESSAGE,C2D_MESSAGE
VIBRATE,ACCESS_NETWORK_STATE,INTERNET,WRITE_EXTERNAL_STORAGE,ACCESS_WIFI_STATE,WAKE_LOCK,RECEIVE,C2D_MESSAGE,C2D_MESSAGE
MAPS_RECEIVE,READ_GSERVICES,MAPS_RECEIVE,RECEIVE,GET_ACCOUNTS,WAKE_LOCK,VIBRATE,C2D_MESSAGE,C2D_MESSAGE,RECEIVE_BOOT_COMPLETED,ACCESS_COARSE_LOCATION,ACCESS_FINE_LOCATION,INTERNET,ACCESS_NETWORK_STATE,WRITE_EXTERNAL_STORAGE,READ_EXTERNAL_STORAGE
INTERNET,READ_EXTERNAL_STORAGE,WRITE_EXTERNAL_STORAGE,GET_ACCOUNTS,BILLING,ACCESS_NETWORK_STATE,WAKE_LOCK,RECEIVE_BOOT_COMPLETED
ACCESS_NETWORK_STATE,AD_ID,INTERNET,VIBRATE,SET_ALARM,FOREGROUND_SERVICE,BILLING,WAKE_LOCK,BIND_GET_INSTALL_REFERRER_SERVICE,RECEIVE_BOOT_COMPLETED,ACCESS_WIFI_STATE
INTERNET,WRITE_EXTERNAL_STORAGE,READ_EXTERNAL_STORAGE,ACCESS_NETWORK_STATE,WAKE_LOCK,RECEIVE

INTERNET,WRITE_EXTERNAL_STORAGE,ACCESS_NETWORK_STATE,WAKE_LOCK,RECEIVE,C2D_MESSAGE,C2D_MESSAGE
ACCESS_NETWORK_STATE,ACCESS_WIFI_STATE,INTERNET,READ_EXTERNAL_STORAGE,WRITE_EXTERNAL_STORAGE,SET_WALLPAPER,SET_WALLPAPER_HINTS,RECEIVE_BOOT_COMPLETED,FOREGROUND_SERVICE,ACCESS_FINE_LOCATION,ACCESS_COARSE_LOCATION,WAKE_LOCK,VIBRATE,RECEIVE,BIND_GET_INSTALL_REFERRER_SERVICE,AD_ID
INTERNET,WRITE_EXTERNAL_STORAGE,ACCESS_WIFI_STATE,ACCESS_NETWORK_STATE
INTERNET,ACCESS_NETWORK_STATE,READ_EXTERNAL_STORAGE,WRITE_EXTERNAL_STORAGE,READ_GSERVICES,ACCESS_COARSE_LOCATION,ACCESS_FINE_LOCATION,VIBRATE,WAKE_LOCK,NFC,BILLING,GET_ACCOUNTS,USE_CREDENTIALS,RECEIVE,RECEIVE_BOOT_COMPLETED,FOREGROUND_SERVICE,CAMERA,BIND_GET_INSTALL_REFERRER_SERVICE
INTERNET,ACCESS_NETWORK_STATE,VIBRATE,READ_EXTERNAL_STORAGE,WRITE_EXTERNAL_STORAGE,CAMERA,FLASHLIGHT,RECEIVE_BOOT_COMPLETED,REQUEST_IGNORE_BATTERY_OPTIMIZATIONS,READ_GSERVICES,WRITE_GSERVICES,BILLING,ACCESS_WIFI_STATE,AD_ID,WAKE_LOCK,FOREGROUND_SERVICE,RECEIVE,BIND_GET_INSTALL_REFERRER_SERVICE
INTERNET,ACCESS_NETWORK_STATE,VIBRATE,REQUEST_IGNORE_BATTERY_OPTIMIZATIONS,RECEIVE,ACCESS_BACKGROUND_LOCATION,ACCESS_COARSE_LOCATION,ACCESS_FINE_LOCATION,ACCESS_WIFI_STATE,WAKE_LOCK,WRITE_EXTERNAL_STORAGE,FOREGROUND_SERVICE,REORDER_TASKS
BILLING,INTERNET,ACCESS_NETWORK_STATE,ACCESS_WIFI_STATE,WAKE_LOCK,RECEIVE,C2D_MESSAGE,C2D_MESSAGE
INTERNET,ACCESS_NETWORK_STATE,WRITE_EXTERNAL_STORAGE,MODIFY_AUDIO_SETTINGS,WRITE_SETTINGS
CAMERA,VIBRATE,INTERNET,WAKE_LOCK,ACCESS_NETWORK_STATE,ACCESS_FINE_LOCATION,ACCESS_COARSE_LOCATION,RECEIVE,BIND_GET_INSTALL_REFERRER_SERVICE,GET_COMMON_DATA
VIBRATE,INTERNET,ACCESS_NETWORK_STATE,WAKE_LOCK,BILLING,WRITE_EXTERNAL_STORAGE,READ_PHONE_STATE,READ_EXTERNAL_STORAGE
INTERNET,ACCESS_NETWORK_STATE,RECEIVE_BOOT_COMPLETED,VIBRATE,SET_WALLPAPER
INTERNET,ACCESS_NETWORK_STATE
INTERNET,READ_CHANNELS,READ_STREAMS,RECEIVE,C2D_MESSAGE,C2D_MESSAGE,WAKE_LOCK,GET_ACCOUNTS,USE_CREDENTIALS,ACCESS_WIFI_STATE,CHANGE_WIFI_MULTICAST_STATE,ACCESS_NETWORK_STATE
WRITE_EXTERNAL_STORAGE,WRITE_SETTINGS,MODIFY_AUDIO_SETTINGS,INTERNET,ACCESS_NETWORK_STATE,WAKE_LOCK
ACCESS_NETWORK_STATE,INTERNET,WAKE_LOCK,WRITE_EXTERNAL_STORAGE,READ_EXTERNAL_STORAGE,RECEIVE,C2D_MESSAGE,C2D_MESSAGE
INTERNET,WRITE_EXTERNAL_STORAGE,ACCESS_NETWORK_STATE
INTERNET,ACCESS_FINE_LOCATION,CAMERA,ACCESS_NETWORK_STATE,ACCESS_WIFI_STATE
ACCESS_NETWORK_STATE,INTERNET,VIBRATE,WAKE_LOCK,RECEIVE,BIND_GET_INSTALL_REFERRER_SERVICE
C2D_MESSAGE,INTERNET,ACCESS_NETWORK_STATE,BILLING,VIBRATE,FOREGROUND_SERVICE,WAKE_LOCK,READ_EXTERNAL_STORAGE,RECEIVE,C2D_MESSAGE,BIND_GET_INSTALL_REFERRER_SERVICE
CALL_PHONE,INTERNET,GET_ACCOUNTS,WAKE_LOCK,DISABLE_KEYGUARD,WRITE_EXTERNAL_STORAGE,RECEIVE,VIBRATE,C2D_MESSAGE,BLUETOOTH,BLUETOOTH_ADMIN,C2D_MESSAGE,RECEIVE
C2D_MESSAGE,INTERNET,RECEIVE,WAKE_LOCK,C2D_MESSAGE,ACCESS_NETWORK_STATE,ACCESS_WIFI_STATE,WRITE_EXTERNAL_STORAGE,READ_EXTERNAL_STORAGE,BIND_GET_INSTALL_REFERRER_SERVICE
INTERNET,ACCESS_NETWORK_STATE
SET_WALLPAPER,INTERNET,ACCESS_NETWORK_STATE,WRITE_EXTERNAL_STORAGE,READ_EXTERNAL_STORAGE,VIBRATE,AD_ID,WAKE_LOCK,RECEIVE_BOOT_COMPLETED,FOREGROUND_SERVICE,BIND_GET_INSTALL_REFERRER_SERVICE
INTERNET,ACCESS_NETWORK_STATE,GET_ACCOUNTS,RECEIVE,RECEIVE_ADM_MESSAGE,RECEIVE_ADM_MESSAGE,WRITE_EXTERNAL_STORAGE,C2D_MESSAGE,C2D_MESSAGE,RECEIVE,WAKE_LOCK,VIBRATE,RECEIVE_BOOT_COMPLETED,READ,WRITE,READ_SETTINGS,UPDATE_SHORTCUT,BROADCAST_BADGE,PROVIDER_INSERT_BADGE,UPDATE_COUNT,UPDATE_BADGE,CHANGE_BADGE,READ_SETTINGS,WRITE_SETTINGS,READ_APP_BADGE,READ_SETTINGS,WRITE_SETTINGS
WRITE_SETTINGS,VIBRATE
INTERNET,ACCESS_NETWORK_STATE,WRITE_EXTERNAL_STORAGE,DOWNLOAD_WITHOUT_NOTIFICATION,ACCESS_COARSE_LOCATION,ACCESS_FINE_LOCATION,C2D_MESSAGE,C2D_MESSAGE,RECEIVE,WAKE_LOCK,VIBRATE,RECEIVE_BOOT_COMPLETED,READ,WRITE,READ_SETTINGS,UPDATE_SHORTCUT,BROADCAST_BADGE,PROVIDER_INSERT_BADGE,UPDATE_COUNT,UPDATE_BADGE,CHANGE_BADGE,READ_SETTINGS,WRITE_SETTINGS,READ_APP_BADGE,READ_SETTINGS,WRITE_SETTINGS,BADGE_COUNT_READ,BADGE_COUNT_WRITE,READ_EXTERNAL_STORAGE
WRITE_EXTERNAL_STORAGE,INTERNET,ACCESS_FINE_LOCATION,ACCESS_COARSE_LOCATION,ACCESS_NETWORK_STATE,CAMERA,WAKE_LOCK,RECEIVE,C2D_MESSAGE,C2D_MESSAGE
ACCESS_NETWORK_STATE,INTERNET,28,WRITE_CONTACTS,READ_CONTACTS,WRITE_SETTINGS,ACCESS_WIFI_STATE,AD_ID,WAKE_LOCK,RECEIVE_BOOT_COMPLETED,FOREGROUND_SERVICE,BIND_GET_INSTALL_REFERRER_SERVICE
WAKE_LOCK,INTERNET,ACCESS_WIFI_STATE,ACCESS_NETWORK_STATE,FOREGROUND_SERVICE
VIBRATE,WAKE_LOCK,RECEIVE_BOOT_COMPLETED,WRITE_EXTERNAL_STORAGE,INTERNET,ACCESS_NETWORK_STATE,INSTALL_SHORTCUT,ACCESS_NOTIFICATION_POLICY,FOREGROUND_SERVICE,USE_FULL_SCREEN_INTENT,SYSTEM_ALERT_WINDOW
INTERNET,ACCESS_NETWORK_STATE,READ_PHONE_STATE
ACCESS_NETWORK_STATE,INTERNET,WRITE_EXTERNAL_STORAGE,SET_WALLPAPER,SET_WALLPAPER_HINTS,ACCESS_WIFI_STATE,RECEIVE_BOOT_COMPLETED,C2D_MESSAGE,C2D_MESSAGE,RECEIVE,WAKE_LOCK,VIBRATE,READ,WRITE,READ_SETTINGS,UPDATE_SHORTCUT,BROADCAST_BADGE,PROVIDER_INSERT_BADGE,UPDATE_COUNT,UPDATE_BADGE,CHANGE_BADGE,READ_SETTINGS,WRITE_SETTINGS,READ_APP_BADGE,READ_SETTINGS,WRITE_SETTINGS,BADGE_COUNT_READ,BADGE_COUNT_WRITE
INTERNET,BILLING,ACCESS_NETWORK_STATE,ACCESS_WIFI_STATE,ACCESS_COARSE_LOCATION,WRITE_EXTERNAL_STORAGE,READ_PHONE_STATE
ACCESS_NETWORK_STATE,INTERNET,ACCESS_NETWORK_STATE,WRITE_EXTERNAL_STORAGE,CAMERA,RECORD_AUDIO,USE_CREDENTIALS,GET_ACCOUNTS,WAKE_LOCK,RECEIVE,C2D_MESSAGE,C2D_MESSAGE,READ_PHONE_STATE,18,AD_ID,ACCESS_WIFI_STATE,BIND_GET_INSTALL_REFERRER_SERVICE
ACCESS_COARSE_LOCATION,ACCESS_FINE_LOCATION,CAMERA,VIBRATE,READ_EXTERNAL_STORAGE,USE_BIOMETRIC,USE_FINGERPRINT,NFC,BIND_NFC_SERVICE,READ_PHONE_STATE,READ_PRIVILEGED_PHONE_STATE,RECEIVE,WAKE_LOCK,INTERNET,ACCESS_WIFI_STATE,ACCESS_NETWORK_STATE,C2D_MESSAGE,C2D_MESSAGE,WRITE_EXTERNAL_STORAGE,READ_EXTERNAL_STORAGE,READ_CONTACTS,BIND_GET_INSTALL_REFERRER_SERVICE,AD_ID
INTERNET,ACCESS_NETWORK_STATE,22,WAKE_LOCK,ACCESS_WIFI_STATE,CHANGE_WIFI_STATE,POST_NOTIFICATIONS,RECEIVE,AD_ID,BIND_APPHUB_SERVICE,BIND_GET_INSTALL_REFERRER_SERVICE,FOREGROUND_SERVICE,BILLING,RECEIVE_BOOT_COMPLETED
BILLING,SYSTEM_ALERT_WINDOW,INTERNET,ACCESS_NETWORK_STATE,READ_EXTERNAL_STORAGE,READ_PHONE_SINTERNETWIFI_STATE,WRITE_EXTERNAL_STORAGE,WRITE_SETTINGS,ACCESS_WIFI_STATE,RECEIVE_BOOT_COMPLETED,WAKE_LOCK,GET_TASKS,ACCESS_FINE_LOCATION,READ_CONTACTS,RECEIVE_USER_PRESENT,MODIFY_AUDIO_SETTINGS,CALL_PHONE,CAMERA,CHANGE_WIFI_STATE,VIBRATE,DOWNLOAD_WITHOUT_NOTIFICATION,CHANGE_NETWORK_STATE,READ_LOGS,GET_ACCOUNTS,READ_SYNC_SETTINGS,WRITE_SYNC_SETTINGS,AUTHENTICATE_ACCOUNTS,READ,WRITE,READ_SETTINGS,UPDATE_SHORTCUT,BROADCAST_BADGE,PROVIDER_INSERT_BADGE,UPDATE_BADGE,CHANGE_BADGE,READ_SETTINGS,WRITE_SETTINGS,READ_APP_BADGE,READ_SETTINGS,WRITE_SETTINGS,RECORD_AUDIO,FLASHLIGHT,RECEIVE,READ_ACCOUNT,WRITE_ACCOUNT,READ_ACCOUNT,WRITE_ACCOUNT,CHANGE_CONFIGURATION,REORDER_TASKS,MESSAGE,RECEIVE,BIND_GET_INSTALL_REFERRER_SERVICE,C2D_MESSAGE,C2D_MESSAGE,SENSOR_INFO,SENSOR_ENABLE,USE_CREDENTIALS,MANAGE_ACCOUNTS,ACCESS_COARSE_LOCATION
SET_ALARM,INSTALL_SHORTCUT,ACCESS_NETWORK_STATE,BROADCAST_STICKY,DISABLE_KEYGUARD,FOREGROUND_SERVICE,GET_PACKAGE_SIZE,INTERNET,KILL_BACKGROUND_PROCESSES,MODIFY_AUDIO_SETTINGS,RECEIVE_BOOT_COMPLETED,REORDER_TASKS,REQUEST_DELETE_PACKAGES,SET_WALLPAPER,VIBRATE,WAKE_LOCK,19,ACCESS_WIFI_STATE,CHANGE_WIFI_STATE,CHANGE_WIFI_MULTICAST_STATE,READ_CALENDAR,WRITE_CALENDAR,CAMERA,READ_CONTACTS,WRITE_CONTACTS,GET_ACCOUNTS,ACCESS_FINE_LOCATION,ACCESS_COARSE_LOCATION,RECORD_AUDIO,READ_PHONE_NUMBERS,READ_PHONE_STATE,BODY_SENSORS,READ_EXTERNAL_STORAGE,WRITE_EXTERNAL_STORAGE,SYSTEM_ALERT_WINDOW,RECEIVE,BIND_GET_INSTALL_REFERRER_SERVICE,C2D_MESSAGE,C2D_MESSAGE
VIBRATE,INTERNET,ACCESS_NETWORK_STATE,BROADCAST_STICKY,RECEIVE_BOOT_COMPLETED,WAKE_LOCK,WRITE_EXTERNAL_STORAGE
C2D_MESSAGE,C2D_MESSAGE,READ_PHONE_STATE,RECEIVE,INTERNET,GET_ACCOUNTS,WAKE_LOCK,VIBRATE,READ_PHONE_STATE,ACCESS_NETWORK_STATE

INTERNET,VIBRATE,ACCESS_FINE_LOCATION,RECEIVE,GET_ACCOUNTS,WAKE_LOCK,ACCESS_NETWORK_STATE,WRITE_EXTERNAL_STORAGE,READ_CONTACTS,ACCESS_WIFI_STATE,CHANGE_NETWORK_STATE,RECEIVE_SMS,READ_SMS,WRITE_SETTINGS,READ_GSERVICES,CAMERA,C2D_MESSAGE,READ_CALL_LOG,READ_PHONE_STATE,GET_TASKS,RECEIVE_BOOT_COMPLETED,READ_EXTERNAL_STORAGE,C2D_MESSAGE,C2D_MESSAGE,C2D_MESSAGE
INTERNET,ACCESS_NETWORK_STATE,BIND_GET_INSTALL_REFERRER_SERVICE
INTERNET,ACCESS_NETWORK_STATE,BILLING,WRITE_EXTERNAL_STORAGE,SYSTEM_ALERT_WINDOW,WAKE_LOCK,RECEIVE,GET_ACCOUNTS,USE_CREDENTIALS,READ_EXTERNAL_STORAGE
WAKE_LOCK,INTERNET,ACCESS_NETWORK_STATE,GET_ACCOUNTS,RECEIVE,CALL_PHONE,ACCESS_FINE_LOCATION,ACCESS_COARSE_LOCATION,VIBRATE,CAMERA,WRITE_EXTERNAL_STORAGE,READ_EXTERNAL_STORAGE,C2D_MESSAGE,C2D_MESSAGE
WRITE_EXTERNAL_STORAGE,INSTALL_SHORTCUT,CALL_PHONE,ACCESS_COARSE_LOCATION,INTERNET,INTERNET,ACCESS_NETWORK_STATE,ACCESS_WIFI_STATE,READ_CONTACTS
INTERNET,ACCESS_NETWORK_STATE,CHANGE_NETWORK_STATE,WAKE_LOCK,GET_ACCOUNTS,USE_CREDENTIALS,RECEIVE_BOOT_COMPLETED,VIBRATE,ACCESS_WIFI_STATE,CHANGE_WIFI_STATE,BLUETOOTH,BLUETOOTH_ADMIN,UPDATE_APP_BADGE,CALL_PHONE,USE_FINGERPRINT,NFC,EXPAND_STATUS_BAR,BROADCAST_STICKY,READ_EXTERNAL_STORAGE,CAMERA,READ_CONTACTS,READ_PROFILE,ACCESS_FINE_LOCATION,RECORD_AUDIO,MODIFY_AUDIO_SETTINGS,WRITE_EXTERNAL_STORAGE,READ_PHONE_STATE,INSTALL_SHORTCUT,UNINSTALL_SHORTCUT,PROTECTED_DEEPLINKING,DIRECT_APP_THREAD_STORE_SERVICE,LOGGED_IN_USERS_CONTENT,SYSTEM_ALERT_WINDOW,READ_SETTINGS,UPDATE_SHORTCUT,CHANGE_BADGE,BROADCAST_BADGE,USE_BIOMETRIC,REORDER_TASKS,FOREGROUND_SERVICE,BILLING,RECEIVE,BIND_GET_INSTALL_REFERRER_SERVICE,FEO2,RECEIVE_ADM_MESSAGE,RECEIVE_ADM_MESSAGE,RECEIVE
WRITE_EXTERNAL_STORAGE,INTERNET,ACCESS_NETWORK_STATE,WAKE_LOCK,RECEIVE_BOOT_COMPLETED,VIBRATE,ACCESS_WIFI_STATE,FOREGROUND_SERVICE,RECEIVE,C2D_MESSAGE,C2D_MESSAGE,BIND_GET_INSTALL_REFERRER_SERVICE
INTERNET,ACCESS_NETWORK_STATE,ACCESS_FINE_LOCATION,ACCESS_WIFI_STATE,CHANGE_WIFI_STATE,VIBRATE,ACTIVITY_RECOGNITION,READ_CALENDAR,WRITE_CALENDAR,WRITE_EXTERNAL_STORAGE,WAKE_LOCK
ACCESS_NETWORK_STATE,READ_PHONE_STATE,ACCESS_COARSE_LOCATION,INTERNET,GET_ACCOUNTS,18,READ_EXTERNAL_STORAGE,C2D_MESSAGE,C2D_MESSAGE,RECEIVE,WAKE_LOCK
WRITE_EXTERNAL_STORAGE,INTERNET,ACCESS_COARSE_LOCATION,ACCESS_FINE_LOCATION,ACCESS_NETWORK_STATE,WAKE_LOCK,RECEIVE,BIND_GET_INSTALL_REFERRER_SERVICE
CAMERA,WRITE_EXTERNAL_STORAGE,INTERNET,ACCESS_NETWORK_STATE,READ_PHONE_STATE,CALL_PHONE,GET_ACCOUNTS,ACCESS_FINE_LOCATION,ACCESS_COARSE_LOCATION,READ_GSERVICES,C2D_MESSAGE,C2D_MESSAGE,RECEIVE,VIBRATE,WAKE_LOCK
INTERNET,ACCESS_NETWORK_STATE,ACCESS_WIFI_STATE,WRITE_EXTERNAL_STORAGE,ACTIVITY_RECOGNITION,WAKE_LOCK
ACCESS_NETWORK_STATE,INTERNET,ACCESS_WIFI_STATE,CHANGE_WIFI_STATE,WAKE_LOCK,INSTALL_SHORTCUT,RECEIVE_BOOT_COMPLETED,VIBRATE,MODIFY_AUDIO_SETTINGS,BATTERY_STATS,READ_LOGS,GET_TASKS,RESTART_PACKAGES,DEVICE_STATE,MOUNT_UNMOUNT_FILESYSTEMS,WRITE_CALENDAR,CAMERA,READ_CONTACTS,ACCESS_COARSE_LOCATION,ACCESS_FINE_LOCATION,RECORD_AUDIO,READ_PHONE_STATE,WRITE_EXTERNAL_STORAGE,READ_EXTERNAL_STORAGE,READ_SETTINGS,WRITE_SETTINGS,SYSTEM_ALERT_WINDOW,MANAGE_ACCOUNTS,AUTHENTICATE_ACCOUNTS,USE_CREDENTIALS,USE_CREDENTIALS,UPDATE_CREDENTIALS,ALIPAY_USE_CREDENTIALS,ALIPAY_UPDATE_CREDENTIALS,WRITE_SDCARD,BROADCAST_PACKAGE_ADDED,BROADCAST_PACKAGE_CHANGED,BROADCAST_PACKAGE_INSTALL,BROADCAST_PACKAGE_REPLACED,READ_CONTENT_PROVIDER,BLUETOOTH,NFC,REORDER_TASKS,ACCESS_MEDIA_LOCATION,READ,WRITE,READ_SETTINGS,UPDATE_SHORTCUT,BROADCAST_BADGE,PROVIDER_INSERT_BADGE,UPDATE_COUNT,UPDATE_BADGE,CHANGE_BADGE,READ_SETTINGS,WRITE_SETTINGS,READ_APP_BADGE,READ_SETTINGS,WRITE_SETTINGS,BADGE_COUNT_READ,BADGE_COUNT_WRITE,USE_IFAA_MANAGER,USE_FINGERPRINT,MANAGE_FINGERPRINT,BROADCAST_STICKY,BADGE_ICON,RECEIVE,MESSAGE,MESSAGE,RECEIVE,C2D_MESSAGE,C2D_MESSAGE,RECIEVE_MCS_MESSAGE,RECIEVE_MCS_MESSAGE,MIPUSH_RECEIVE,MIPUSH_RECEIVE,REQUEST_INSTALL_PACKAGES,GET_COMMON_DATA,PROCESS_PUSH_MSG,PUSH_PROVIDER,PUSH_WRITE_PROVIDER,PROCESS_PUSH_MSG,PUSH_PROVIDER,FOREGROUND_SERVICE,ACCESS_LOCATION_EXTRA_COMMANDS,BLUETOOTH_ADMIN,USE_TSM_AGENT,SMARTCARD,SMARTCARD,USE_FACE,USE_FACERECOGNITION,USE_FINGERPRIN,USE_BIOMETRIC,TYID_SERVICE,TYID_MGR_SERVICE,CHANGE_NETWORK_STATE
C2D_MESSAGE,C2D_MESSAGE,GET_ACCOUNTS,MAPS_RECEIVE,INTERNET,WRITE_EXTERNAL_STORAGE,ACCESS_WIFI_STATE,ACCESS_NETWORK_STATE,ACCESS_COARSE_LOCATION,ACCESS_FINE_LOCATION,READ_GSERVICES,RECEIVE,WAKE_LOCK,RECEIVE_BOOT_COMPLETED,FOREGROUND_SERVICE,CAMERA,NFC,MAPS_RECEIVE
INTERNET,ACCESS_NETWORK_STATE,BILLING,WRITE_EXTERNAL_STORAGE
INTERNET,ACCESS_NETWORK_STATE,WAKE_LOCK
INTERNET,ACCESS_NETWORK_STATE,WRITE_EXTERNAL_STORAGE,READ_EXTERNAL_STORAGE,WAKE_LOCK,READ,WRITE,READ_SETTINGS,UPDATE_SHORTCUT,BROADCAST_BADGE,UPDATE_COUNT,UPDATE_BADGE,BIND_GET_INSTALL_REFERRER_SERVICE,RECEIVE
ACCESS_NETWORK_STATE,ACCESS_WIFI_STATE,INTERNET,WRITE_EXTERNAL_STORAGE,RECEIVE_BOOT_COMPLETED,WAKE_LOCK,BILLING,USE_FINGERPRINT,WRITE_USE_APP_FEATURE_SURVEY,BIND_GET_INSTALL_REFERRER_SERVICE,READ_EXTERNAL_STORAGE
WRITE_EXTERNAL_STORAGE,READ_PHONE_STATE,PROCESS_OUTGOING_CALLS,SYSTEM_ALERT_WINDOW,RECORD_AUDIO,VIBRATE,READ_CONTACTS,INTERNET,ACCESS_NETWORK_STATE,RECEIVE_BOOT_COMPLETED,CALL_PHONE,WAKE_LOCK,RECEIVE,C2D_MESSAGE,C2D_MESSAGE
INTERNET,CAMERA,WRITE_EXTERNAL_STORAGE,READ_EXTERNAL_STORAGE,ACCESS_NETWORK_STATE,READ_PHONE_STATE,WAKE_LOCK,RECEIVE,C2D_MESSAGE,C2D_MESSAGE
INTERNET,ACCESS_NETWORK_STATE,WAKE_LOCK,BIND_GET_INSTALL_REFERRER_SERVICE,RECEIVE
ACCESS_NETWORK_STATE,INTERNET,VIBRATE,KILL_BACKGROUND_PROCESSES,RECEIVE_BOOT_COMPLETED,ACCESS_NOTIFICATION_POLICY,REQUEST_IGNORE_BATTERY_OPTIMIZATIONS,WAKE_LOCK
CHECK_LICENSE,ACCESS_WIFI_STATE,ACCESS_NETWORK_STATE,WAKE_LOCK,WRITE_EXTERNAL_STORAGE,READ_EXTERNAL_STORAGE,INTERNET,CHANGE_NETWORK_STATE,KILL_BACKGROUND_PROCESSES,VIBRATE,FLASHLIGHT,CAMERA,USE_CREDENTIALS,USE_BIOMETRIC,RECEIVE_BOOT_COMPLETED,FOREGROUND_SERVICE,RECEIVE,BIND_GET_INSTALL_REFERRER_SERVICE,AD_ID,DYNAMIC_RECEIVER_NOT_EXPORTED_PERMISSION,DYNAMIC_RECEIVER_NOT_EXPORTED_PERMISSION,READ_PHONE_STATE,ACCESS_FINE_LOCATION,ACCESS_COARSE_LOCATION,RECORD_AUDIO,ACCESS_MOCK_LOCATION
WRITE_EXTERNAL_STORAGE,ACCESS_WIFI_STATE,INTERNET,ACCESS_NETWORK_STATE,WAKE_LOCK,RECEIVE,C2D_MESSAGE,C2D_MESSAGE
INTERNET,RECEIVE_BOOT_COMPLETED,VIBRATE,READ_CALENDAR,WRITE_CALENDAR,CALL_PHONE,CAMERA,READ_GSERVICES,ACCESS_NETWORK_STATE,ACCESS_COARSE_LOCATION,ACCESS_FINE_LOCATION,WAKE_LOCK,RECEIVE,C2D_MESSAGE,C2D_MESSAGE
C2D_MESSAGE,C2D_MESSAGE,RECEIVE,INTERNET,WAKE_LOCK,WRITE_EXTERNAL_STORAGE,READ_GSERVICES,ACCESS_NETWORK_STATE,ACCESS_WIFI_STATE,VIBRATE
INTERNET,WRITE_EXTERNAL_STORAGE,RECEIVE_BOOT_COMPLETED,SYSTEM_ALERT_WINDOW,CAMERA,ACCESS_NETWORK_STATE,ACCESS_WIFI_STATE,SYSTEM_ALERT_WINDOW,WAKE_LOCK,C2D_MESSAGE,CAMERA,RECEIVE,VIBRATE
INTERNET,ACCESS_NETWORK_STATE,ACCESS_WIFI_STATE,BILLING
MAPS_RECEIVE,MAPS_RECEIVE,ACCESS_NETWORK_STATE,INTERNET,WRITE_EXTERNAL_STORAGE,READ_EXTERNAL_STORAGE,CALL_PHONE,READ_PHONE_STATE,READ_GSERVICES,ACCESS_COARSE_LOCATION,ACCESS_FINE_LOCATION,C2D_MESSAGE,C2D_MESSAGE,RECEIVE,INTERNET,GET_ACCOUNTS,WAKE_LOCK
WRITE_EXTERNAL_STORAGE,C2D_MESSAGE,INTERNET,ACCESS_NETWORK_STATE,ACCESS_WIFI_STATE,FOREGROUND_SERVICE,WAKE_LOCK,RECEIVE,C2D_MESSAGE,BIND_GET_INSTALL_REFERRER_SERVICE
INTERNET,ACCESS_NETWORK_STATE,READ_EXTERNAL_STORAGE,WRITE_EXTERNAL_STORAGE,WAKE_LOCK,RECEIVE_BOOT_COMPLETED
INTERNET,ACCESS_NETWORK_STATE,VIBRATE,POST_NOTIFICATIONS,FOREGROUND_SERVICE,WAKE_LOCK,AD_ID,RECEIVE_BOOT_COMPLETED,BILLING,BIND_GET_INSTALL_REFERRER_SERVICE
BILLING,INTERNET,ACCESS_NETWORK_STATE,READ_PHONE_STATE,VIBRATE,WAKE_LOCK,RECEIVE,BIND_GET_INSTALL_REFERRER_SERVICE,AD_ID,ACCESS_WIFI_STATE,RECEIVE_BOOT_COMPLETED,FOREGROUND_SERVICE
INTERNET,ACCESS_NETWORK_STATE,SET_WALLPAPER,WRITE_EXTERNAL_STORAGE,FOREGROUND_SERVICE,WAKE_LOCK
INTERNET,ACCESS_NETWORK_STATE,WAKE_LOCK,RECEIVE,ACCESS_COARSE_LOCATION,ACCESS_FINE_LOCATION,WRITE_EXTERNAL_STORAGE
INTERNET,C2D_MESSAGE,C2D_MESSAGE,RECEIVE,ACCESS_NETWORK_STATE,ACCESS_WIFI_STATE,WAKE_LOCK,BILLING

INTERNET,ACCESS_NETWORK_STATE,ACCESS_COARSE_LOCATION,BILLING,GET_ACCOUNTS,READ_PHONE_STATE,READ_EXTERNAL_STORAGE,WRITE_EXTERNAL_STORAGE,WAKE_LOCK
INTERNET,ACCESS_NETWORK_STATE,WRITE_EXTERNAL_STORAGE,ACCESS_COARSE_LOCATION,ACCESS_FINE_LOCATION,RECEIVE_BOOT_COMPLETED,READ,WRITE,READ_SETTINGS,UPDATE_SHORTCUT,BROADCAST_BADGE,PROVIDER_INSERT_BADGE,UPDATE_COUNT,UPDATE_BADGE,CHANGE_BADGE,READ_SETTINGS,WRITE_SETTINGS,READ_APP_BADGE,READ_SETTINGS,WRITE_SETTINGS,BADGE_COUNT_READ,BADGE_COUNT_WRITE,RECEIVE,RECEIVE_ADM_MESSAGE,RECEIVE_ADM_MESSAGE,WAKE_LOCK,RECEIVE,VIBRATE,BIND_GET_INSTALL_REFERRER_SERVICE
INTERNET,ACCESS_NETWORK_STATE,ACCESS_WIFI_STATE,ACCESS_COARSE_LOCATION,RESTART_PACKAGES,CHANGE_WIFI_STATE,CHANGE_NETWORK_STATE,WAKE_LOCK,WRITE_EXTERNAL_STORAGE,BLUETOOTH,BLUETOOTH_ADMIN,READ_PHONE_STATE,READ_EXTERNAL_STORAGE
WAKE_LOCK,WRITE_USE_APP_FEATURE_SURVEY,INTERNET,CHANGE_WIFI_STATE,ACCESS_NETWORK_STATE,ACCESS_WIFI_STATE,WRITE_EXTERNAL_STORAGE,32,READ_MEDIA_IMAGES,CHECK_LICENSE,SET_WALLPAPER,BILLING,32,NEARBY_WIFI_DEVICES,POST_NOTIFICATIONS,AD_ID,C2D_MESSAGE,C2D_MESSAGE,RECEIVE,VIBRATE,RECEIVE_BOOT_COMPLETED,READ,WRITE,READ_SETTINGS,UPDATE_SHORTCUT,BROADCAST_BADGE,PROVIDER_INSERT_BADGE,UPDATE_COUNT,UPDATE_BADGE,CHANGE_BADGE,READ_SETTINGS,WRITE_SETTINGS,READ_APP_BADGE,READ_SETTINGS,WRITE_SETTINGS,BADGE_COUNT_READ,BADGE_COUNT_WRITE,BIND_GET_INSTALL_REFERRER_SERVICE,FOREGROUND_SERVICE
READ_EXTERNAL_STORAGE,READ_PHONE_STATE,C2D_MESSAGE,INTERNET,ACCESS_NETWORK_STATE,ACCESS_WIFI_STATE,WRITE_EXTERNAL_STORAGE,BILLING,C2D_MESSAGE,RECEIVE,WAKE_LOCK,RECEIVE_BOOT_COMPLETED,FOREGROUND_SERVICE,BIND_GET_INSTALL_REFERRER_SERVICE
C2D_MESSAGE,C2D_MESSAGE,RECEIVE,RECEIVE_BOOT_COMPLETED,USE_CREDENTIALS,WAKE_LOCK,GET_TASKS,DISABLE_KEYGUARD,VIBRATE,INTERACT_ACROSS_USERS_FULL,FOREGROUND_SERVICE,AD_ID,INTERNET,ACCESS_NETWORK_STATE,CHANGE_WIFI_STATE,ACCESS_WIFI_STATE,WRITE_EXTERNAL_STORAGE,READ_EXTERNAL_STORAGE,READ_PHONE_STATE,CAMERA,FLASHLIGHT,READ_CONTACTS,REAL_GET_TASKS,BIND_GET_INSTALL_REFERRER_SERVICE
INTERNET,ACCESS_NETWORK_STATE,DISABLE_KEYGUARD,WAKE_LOCK,RECEIVE_BOOT_COMPLETED,RECEIVE,C2D_MESSAGE,C2D_MESSAGE
ACCESS_NETWORK_STATE,INTERNET,WRITE_EXTERNAL_STORAGE,SET_WALLPAPER,SET_WALLPAPER_HINTS,ACCESS_WIFI_STATE,SYSTEM_ALERT_WINDOW,GET_TASKS
INTERNET,ACCESS_NETWORK_STATE
WAKE_LOCK,INTERNET,ACCESS_WIFI_STATE,ACCESS_NETWORK_STATE
PACKAGE_USAGE_STATS,RECEIVE_BOOT_COMPLETED,INTERNET,BILLING,FOREGROUND_SERVICE,SYSTEM_ALERT_WINDOW,ACCESS_NETWORK_STATE,VIBRATE,WAKE_LOCK,RECEIVE,BIND_GET_INSTALL_REFERRER_SERVICE
WRITE_EXTERNAL_STORAGE,READ_EXTERNAL_STORAGE,INTERNET,ACCESS_NETWORK_STATE,ACCESS_WIFI_STATE,VIBRATE
INTERNET,ACCESS_NETWORK_STATE,READ_EXTERNAL_STORAGE,WRITE_EXTERNAL_STORAGE,ACCESS_FINE_LOCATION,WAKE_LOCK,RECEIVE,BIND_GET_INSTALL_REFERRER_SERVICE
CAMERA,WRITE_EXTERNAL_STORAGE,INTERNET,ACCESS_NETWORK_STATE,ACCESS_WIFI_STATE,READ_EXTERNAL_STORAGE,INSTALL_SHORTCUT,WAKE_LOCK
INTERNET,CHANGE_WIFI_MULTICAST_STATE,ACCESS_NETWORK_STATE,WAKE_LOCK,RECEIVE_BOOT_COMPLETED
VIBRATE,INTERNET,ACCESS_NETWORK_STATE
ACCESS_NETWORK_STATE,VIBRATE,CALL_PHONE,READ_EXTERNAL_STORAGE,WRITE_EXTERNAL_STORAGE,INTERNET,WAKE_LOCK,RECEIVE,BIND_GET_INSTALL_REFERRER_SERVICE,ACCESS_WIFI_STATE

ACCESS_NETWORK_STATE,ACCESS_WIFI_STATE,INTERNET,BILLING,READ_GSERVICES,WAKE_LOCK,RECEIVE,VIBRATE,CHECK_LICENSE,GET_ACCOUNTS,ACCESS_FINE_LOCATION,28,READ_EXTERNAL_STORAGE,READ_CONTACTS,ACCESS_COARSE_LOCATION,ACCESS_MEDIA_LOCATION,CAMERA,RECORD_AUDIO,BIND_GET_INSTALL_REFERRER_SERVICE,RECEIVE_BOOT_COMPLETED,FOREGROUND_SERVICE
ACCESS_FINE_LOCATION,INTERNET,READ_PHONE_STATE,VIBRATE,ACCESS_NETWORK_STATE,READ_EXTERNAL_STORAGE,WRITE_EXTERNAL_STORAGE,SYSTEM_ALERT_WINDOW,CAMERA,FLASHLIGHT,FOREGROUND_SERVICE,WRITE_INTERNAL_STORAGE,ACCESS_COARSE_LOCATION,WAKE_LOCK,RECEIVE_BOOT_COMPLETED,RECORD_AUDIO,RECEIVE,BIND_GET_INSTALL_REFERRER_SERVICE
INTERNET,ACCESS_NETWORK_STATE,WAKE_LOCK,BIND_GET_INSTALL_REFERRER_SERVICE,RECEIVE,C2D_MESSAGE,C2D_MESSAGE
WRITE_EXTERNAL_STORAGE,INTERNET,VIBRATE,READ_EXTERNAL_STORAGE,ACCESS_NETWORK_STATE
INTERNET,ACCESS_NETWORK_STATE,READ_PHONE_STATE
INTERNET,WRITE_EXTERNAL_STORAGE,ACCESS_NETWORK_STATE,CAMERA,USE_FINGERPRINT,WAKE_LOCK,BIND_GET_INSTALL_REFERRER_SERVICE,RECEIVE
BILLING,WRITE_TEMPORARY_STORAGE,WRITE_EXTERNAL_STORAGE,READ_EXTERNAL_STORAGE,INTERNET,ACCESS_NETWORK_STATE,ACCESS_WIFI_STATE,NFC,READ_SYNC_SETTINGS,WRITE_SYNC_SETTINGS,FOREGROUND_SERVICE,CAMERA,WAKE_LOCK,RECEIVE_BOOT_COMPLETED
INTERNET,READ_EXTERNAL_STORAGE,WRITE_EXTERNAL_STORAGE,ACCESS_NETWORK_STATE,READ_PHONE_STATE,ACCESS_WIFI_STATE,BILLING,VIBRATE,WAKE_LOCK,RECEIVE_BOOT_COMPLETED
ACCESS_NETWORK_STATE,INTERNET,READ_EXTERNAL_STORAGE,WRITE_EXTERNAL_STORAGE,CAMERA,ACCESS_COARSE_LOCATION,ACCESS_FINE_LOCATION,FOREGROUND_SERVICE,WAKE_LOCK,RECEIVE_BOOT_COMPLETED,RECEIVE,BIND_GET_INSTALL_REFERRER_SERVICE
INTERNET,ACCESS_NETWORK_STATE,READ_EXTERNAL_STORAGE,WRITE_EXTERNAL_STORAGE,READ_EXTERNAL_STORAGE
AD_ID,ACCESS_FINE_LOCATION,ACCESS_COARSE_LOCATION,ACCESS_NETWORK_STATE,INTERNET,WRITE_EXTERNAL_STORAGE,READ_EXTERNAL_STORAGE,GET_PACKAGE_SIZE,READ_PHONE_STATE,ACCESS_WIFI_STATE,CHANGE_WIFI_STATE,RECEIVE_BOOT_COMPLETED,BIND_ACCESSIBILITY_SERVICE,INSTALL_SHORTCUT,CAMERA,MOUNT_UNMOUNT_FILESYSTEMS,REQUEST_INSTALL_PACKAGES,FOREGROUND_SERVICE,OPPO_COMPONENT_SAFE,WAKE_LOCK,REQUEST_DELETE_PACKAGES,INTERNET,ACCESS_NETWORK_STATE,WRITE_EXTERNAL_STORAGE,READ_PHONE_STATE,GET_PACKAGE_SIZE,READ_PHONE_STATE,SYSTEM_ALERT_WINDOW,BROADCAST,CHANGE_NETWORK_STATE,REORDER_TASKS,BIND_GET_INSTALL_REFERRER_SERVICE,RECEIVE,VIBRATE,FLASHLIGHT,READ_PRIVILEGED_PHONE_STATE,RECORD_AUDIO
VIBRATE,WAKE_LOCK,GET_PACKAGE_SIZE,CHANGE_WIFI_STATE,REQUEST_IGNORE_BATTERY_OPTIMIZATIONS,FOREGROUND_SERVICE,INTERNET,ACCESS_NETWORK_STATE,ACCESS_WIFI_STATE,RECEIVE_BOOT_COMPLETED,ACCESS_COARSE_LOCATION,ACCESS_FINE_LOCATION,ACCESS_BACKGROUND_LOCATION,READ_PHONE_STATE,PACKAGE_USAGE_STATS,READ_NETWORK_USAGE_HISTORY,RECEIVE
INTERNET,ACCESS_NETWORK_STATE,WAKE_LOCK,WRITE_EXTERNAL_STORAGE,READ_EXTERNAL_STORAGE,CAMERA,RECEIVE,C2D_MESSAGE,C2D_MESSAGE,BIND_GET_INSTALL_REFERRER_SERVICE
SET_WALLPAPER,INTERNET,READ_EXTERNAL_STORAGE,ACCESS_NETWORK_STATE,SET_WALLPAPER_HINTS,WRITE_EXTERNAL_STORAGE
ACCESS_FINE_LOCATION,ACCESS_COARSE_LOCATION,INTERNET,ACCESS_NETWORK_STATE,ACCESS_NOTIFICATION_POLICY,FOREGROUND_SERVICE,USE_CREDENTIALS,GET_ACCOUNTS,MANAGE_ACCOUNTS,AUTHENTICATE_ACCOUNTS,VIBRATE,RECEIVE_BOOT_COMPLETED,WRITE_EXTERNAL_STORAGE,WAKE_LOCK,BIND_GET_INSTALL_REFERRER_SERVICE,RECEIVE
INTERNET,ACCESS_NETWORK_STATE,READ_USER_DICTIONARY,RECEIVE_BOOT_COMPLETED,RECEIVE,DATA,DATA,WAKE_LOCK,ACCESS_WIFI_STATE,BIND_GET_INSTALL_REFERRER_SERVICE,AD_ID,FOREGROUND_SERVICE
INTERNET,ACCESS_NETWORK_STATE
INTERNET,ACCESS_NETWORK_STATE,READ_EXTERNAL_STORAGE,WRITE_EXTERNAL_STORAGE,WAKE_LOCK,SET_WALLPAPER,BIND_GET_INSTALL_REFERRER_SERVICE,RECEIVE,RECEIVE_BOOT_COMPLETED
ACCESS_NETWORK_STATE,ACCESS_WIFI_STATE,INTERNET,READ_EXTERNAL_STORAGE,WRITE_EXTERNAL_STORAGE,SET_WALLPAPER,FOREGROUND_SERVICE,WAKE_LOCK,RECEIVE_BOOT_COMPLETED,BIND_GET_INSTALL_REFERRER_SERVICE
INTERNET,READ_EXTERNAL_STORAGE,WRITE_EXTERNAL_STORAGE,GOOGLE_AUTH,MODIFY_AUDIO_SETTINGS,WAKE_LOCK,GET_ACCOUNTS,USE_CREDENTIALS,READ_GSERVICES,NFC,ACCESS_NETWORK_STATE,VIBRATE
INTERNET,WAKE_LOCK,WRITE_EXTERNAL_STORAGE,WRITE_SETTINGS,ACCESS_NETWORK_STATE
INTERNET,ACCESS_NETWORK_STATE,READ_EXTERNAL_STORAGE,RECEIVE_BOOT_COMPLETED,READ_PHONE_STATE,C2D_MESSAGE,C2D_MESSAGE,RECEIVE,WAKE_LOCK,VIBRATE,READ,WRITE,READ_SETTINGS,UPDATE_SHORTCUT,BROADCAST_BADGE,PROVIDER_INSERT_BADGE,UPDATE_COUNT,UPDATE_BADGE,CHANGE_BADGE,READ_SETTINGS,WRITE_SETTINGS,READ_APP_BADGE,READ_SETTINGS,WRITE_SETTINGS,BADGE_COUNT_READ,BADGE_COUNT_WRITE,BIND_GET_INSTALL_REFERRER_SERVICE
INTERNET,CALL_PHONE,WRITE_EXTERNAL_STORAGE,READ_EXTERNAL_STORAGE
RECEIVE,WAKE_LOCK,INTERNET,ACCESS_NETWORK_STATE,READ_PHONE_STATE,GET_TASKS,WRITE_EXTERNAL_STORAGE,VIBRATE,BIND_GET_INSTALL_REFERRER_SERVICE,READ_EXTERNAL_STORAGE
BILLING,INTERNET,ACCESS_NETWORK_STATE,WAKE_LOCK

ACCESS_NETWORK_STATE,INTERNET,WAKE_LOCK,BIND_GET_INSTALL_REFERRER_SERVICE,RECEIVE_BOOT_COMPLETED
INTERNET,ACCESS_NETWORK_STATE,AD_ID,WAKE_LOCK,RECEIVE_BOOT_COMPLETED,FOREGROUND_SERVICE
READ_EXTERNAL_STORAGE,WRITE_EXTERNAL_STORAGE,ACCESS_NETWORK_STATE,INTERNET,VIBRATE,WAKE_LOCK,RECEIVE_BOOT_COMPLETED
ACCESS_COARSE_LOCATION,ACCESS_FINE_LOCATION,INTERNET,WRITE_EXTERNAL_STORAGE,READ_EXTERNAL_STORAGE,CAMERA,RECORD_AUDIO,MODIFY_AUDIO_SETTINGS,READ_CONTACTS,ACCESS_NETWORK_STATE,VIBRATE,WAKE_LOCK,RECEIVE_BOOT_COMPLETED,BIND_GET_INSTALL_REFERRER_SERVICE,RECEIVE
INTERNET,ACCESS_NETWORK_STATE,WRITE_EXTERNAL_STORAGE,READ_EXTERNAL_STORAGE,VIBRATE,READ_GSERVICES,C2D_MESSAGE,WAKE_LOCK,CALL_PHONE,GET_ACCOUNTS,RECEIVE,READ_CONTACTS,WRITE_CONTACTS,ACCESS_FINE_LOCATION,CAMERA,C2D_MESSAGE,C2D_MESSAGE
AD_ID,ACCESS_FINE_LOCATION,ACCESS_COARSE_LOCATION,ACCESS_NETWORK_STATE,INTERNET,WRITE_EXTERNAL_STORAGE,READ_EXTERNAL_STORAGE,GET_PACKAGE_SIZE,READ_PHONE_STATE,ACCESS_WIFI_STATE,CHANGE_WIFI_STATE,RECEIVE_BOOT_COMPLETED,BIND_ACCESSIBILITY_SERVICE,INSTALL_SHORTCUT,CAMERA,MOUNT_UNMOUNT_FILESYSTEMS,REQUEST_INSTALL_PACKAGES,FOREGROUND_SERVICE,OPPO_COMPONENT_SAFE,WAKE_LOCK,REQUEST_DELETE_PACKAGES,INTERNET,ACCESS_NETWORK_STATE,WRITE_EXTERNAL_STORAGE,READ_PHONE_STATE,GET_PACKAGE_SIZE,READ_PHONE_STATE,SYSTEM_ALERT_WINDOW,BROADCAST,CHANGE_NETWORK_STATE,REORDER_TASKS,BIND_GET_INSTALL_REFERRER_SERVICE,RECEIVE,VIBRATE,FLASHLIGHT,READ_PRIVILEGED_PHONE_STATE,RECORD_AUDIO
INTERNET,ACCESS_NETWORK_STATE,ACCESS_WIFI_STATE,CHANGE_WIFI_STATE,WRITE_EXTERNAL_STORAGE,READ_EXTERNAL_STORAGE,NFC,ACCESS_COARSE_LOCATION,ACCESS_FINE_LOCATION,CAMERA,VIBRATE,WAKE_LOCK,RECEIVE,C2D_MESSAGE,C2D_MESSAGE
INTERNET,ACCESS_NETWORK_STATE,ACCESS_COARSE_LOCATION,ACCESS_FINE_LOCATION,VIBRATE,CAMERA,ACTIVITY_RECOGNITION,BLUETOOTH,BLUETOOTH_ADMIN,READ_PHONE_STATE,READ_CONTACTS,WAKE_LOCK,FOREGROUND_SERVICE,RECEIVE_BOOT_COMPLETED,CHANGE_NETWORK_STATE,ACCESS_WIFI_STATE,CHANGE_WIFI_STATE,WRITE_EXTERNAL_STORAGE,READ_GSERVICES,RECEIVE,READ_EXTERNAL_STORAGE,BILLING
INTERNET,ACCESS_NETWORK_STATE
INTERNET,ACCESS_NETWORK_STATE
AD_ID,ACCESS_FINE_LOCATION,ACCESS_COARSE_LOCATION,ACCESS_NETWORK_STATE,INTERNET,WRITE_EXTERNAL_STORAGE,READ_EXTERNAL_STORAGE,GET_PACKAGE_SIZE,READ_PHONE_STATE,ACCESS_WIFI_STATE,CHANGE_WIFI_STATE,RECEIVE_BOOT_COMPLETED,BIND_ACCESSIBILITY_SERVICE,INSTALL_SHORTCUT,CAMERA,MOUNT_UNMOUNT_FILESYSTEMS,REQUEST_INSTALL_PACKAGES,FOREGROUND_SERVICE,OPPO_COMPONENT_SAFE,WAKE_LOCK,REQUEST_DELETE_PACKAGES,INTERNET,ACCESS_NETWORK_STATE,WRITE_EXTERNAL_STORAGE,READ_PHONE_STATE,GET_PACKAGE_SIZE,READ_PHONE_STATE,SYSTEM_ALERT_WINDOW,BROADCAST,CHANGE_NETWORK_STATE,REORDER_TASKS,BIND_GET_INSTALL_REFERRER_SERVICE,RECEIVE,VIBRATE,FLASHLIGHT,READ_PRIVILEGED_PHONE_STATE,RECORD_AUDIO
NFC,ACCESS_FINE_LOCATION,ACCESS_NETWORK_STATE,ACCESS_WIFI_STATE,CHANGE_NETWORK_STATE,CHANGE_WIFI_STATE,INTERNET,STORAGE,CHANGE_WIFI_MULTICAST_STATE,SYSTEM_ALERT_WINDOW,READ_EXTERNAL_STORAGE,WRITE_EXTERNAL_STORAGE
RECORD_AUDIO,INTERNET,ACCESS_NETWORK_STATE,READ_EXTERNAL_STORAGE,WRITE_EXTERNAL_STORAGE,READ_PHONE_STATE,ACCESS_WIFI_STATE
INTERNET,ACCESS_NETWORK_STATE
INTERNET
INTERNET,ACCESS_NETWORK_STATE,ACCESS_COARSE_LOCATION,WRITE_EXTERNAL_STORAGE
INTERNET,READ_CALENDAR,WRITE_CALENDAR,WRITE_EXTERNAL_STORAGE,ACCESS_NETWORK_STATE,WAKE_LOCK,VIBRATE,RECEIVE,C2D_MESSAGE,C2D_MESSAGE,READ,WRITE,READ_SETTINGS,UPDATE_SHORTCUT,BROADCAST_BADGE,PROVIDER_INSERT_BADGE,UPDATE_COUNT,UPDATE_BADGE,CHANGE_BADGE,READ_SETTINGS,WRITE_SETTINGS,READ_APP_BADGE,READ_SETTINGS,WRITE_SETTINGS,BADGE_COUNT_READ,BADGE_COUNT_WRITE
ACCESS_NETWORK_STATE,INTERNET,READ_EXTERNAL_STORAGE,WRITE_EXTERNAL_STORAGE,BILLING,WAKE_LOCK,BIND_GET_INSTALL_REFERRER_SERVICE,RECEIVE,C2D_MESSAGE,C2D_MESSAGE
INTERNET,ACCESS_NETWORK_STATE,INTERNET,WAKE_LOCK,RECEIVE_BOOT_COMPLETED
WRITE_EXTERNAL_STORAGE,READ_EXTERNAL_STORAGE,VIBRATE,INSTALL_SHORTCUT,WRITE_SETTINGS,READ_PHONE_STATE,CAMERA,FLASHLIGHT,INTERNET,ACCESS_NETWORK_STATE,WAKE_LOCK,READ_GSERVICES,AD_ID,RECEIVE_BOOT_COMPLETED,FOREGROUND_SERVICE,BILLING
INTERNET,ACCESS_WIFI_STATE,ACCESS_NETWORK_STATE,BIND_GET_INSTALL_REFERRER_SERVICE,READ_EXTERNAL_STORAGE,BILLING,WAKE_LOCK,RECEIVE,C2D_MESSAGE,C2D_MESSAGE,CHECK_LICENSE,WRITE_EXTERNAL_STORAGE
INTERNET,ACCESS_NETWORK_STATE
INTERNET,ACCESS_NETWORK_STATE,WAKE_LOCK,BIND_GET_INSTALL_REFERRER_SERVICE,RECEIVE,C2D_MESSAGE,C2D_MESSAGE
INTERNET,WRITE_EXTERNAL_STORAGE,ACCESS_NETWORK_STATE
READ_EXTERNAL_STORAGE,WRITE_EXTERNAL_STORAGE,INTERNET,ACCESS_NETWORK_STATE
READ_EXTERNAL_STORAGE,WRITE_EXTERNAL_STORAGE,WAKE_LOCK,INTERNET,ACCESS_NETWORK_STATE,READ_PHONE_STATE,FOREGROUND_SERVICE,RECORD_AUDIO,MODIFY_AUDIO_SETTINGS,WRITE_SETTINGS,BILLING,BIND_GET_INSTALL_REFERRER_SERVICE,RECEIVE_BOOT_COMPLETED
RECEIVE_BOOT_COMPLETED,ACCESS_NETWORK_STATE,AD_ID,INTERNET,POST_NOTIFICATIONS,WAKE_LOCK,RECEIVE,FOREGROUND_SERVICE
C2D_MESSAGE,C2D_MESSAGE,CAMERA,INTERNET,READ_CALENDAR,WRITE_CALENDAR,VIBRATE,READ_EXTERNAL_STORAGE,ACCESS_NETWORK_STATE,25,RECEIVE,BIND_GET_INSTALL_REFERRER_SERVICE
INTERNET,ACCESS_NETWORK_STATE,WAKE_LOCK,ACTIVITY_RECOGNITION,AD_ID,BIND_GET_INSTALL_REFERRER_SERVICE,RECEIVE_BOOT_COMPLETED,FOREGROUND_SERVICE
READ_EXTERNAL_STORAGE,WRITE_EXTERNAL_STORAGE,MANAGE_EXTERNAL_STORAGE,INTERNET,ACCESS_NETWORK_STATE,ACCESS_FINE_LOCATION,ACCESS_MEDIA_LOCATION,ACCESS_WIFI_STATE,WAKE_LOCK,READ_GSERVICES,GET_ACCOUNTS,FOREGROUND_SERVICE,READ_PHONE_STATE
ACCESS_NETWORK_STATE,INTERNET,BILLING
WAKE_LOCK,READ_PHONE_STATE,BATTERY_STATS,MODIFY_AUDIO_SETTINGS,SET_ORIENTATION,DEVICE_POWER,INTERNET,ACCESS_NETWORK_STATE,VIBRATE,WRITE_EXTERNAL_STORAGE,BILLING,GET_ACCOUNTS,C2D_MESSAGE,C2D_MESSAGE,RECEIVE
ACCESS_NETWORK_STATE,RECEIVE_BOOT_COMPLETED,WAKE_LOCK,BILLING,INTERNET,VIBRATE,RECEIVE,BIND_GET_INSTALL_REFERRER_SERVICE
BILLING,INTERNET,ACCESS_NETWORK_STATE,ACCESS_WIFI_STATE,RECEIVE_BOOT_COMPLETED,WRITE_EXTERNAL_STORAGE,READ_EXTERNAL_STORAGE,WAKE_LOCK,INSTALL_SHORTCUT,UNINSTALL_SHORTCUT,FOREGROUND_SERVICE,SYSTEM_ALERT_WINDOW,CAMERA,AD_ID,BIND_GET_INSTALL_REFERRER_SERVICE
AD_ID,ACCESS_FINE_LOCATION,ACCESS_COARSE_LOCATION,ACCESS_NETWORK_STATE,INTERNET,WRITE_EXTERNAL_STORAGE,READ_EXTERNAL_STORAGE,GET_PACKAGE_SIZE,READ_PHONE_STATE,ACCESS_WIFI_STATE,CHANGE_WIFI_STATE,RECEIVE_BOOT_COMPLETED,BIND_ACCESSIBILITY_SERVICE,INSTALL_SHORTCUT,CAMERA,MOUNT_UNMOUNT_FILESYSTEMS,REQUEST_INSTALL_PACKAGES,FOREGROUND_SERVICE,OPPO_COMPONENT_SAFE,WAKE_LOCK,REQUEST_DELETE_PACKAGES,INTERNET,ACCESS_NETWORK_STATE,WRITE_EXTERNAL_STORAGE,READ_PHONE_STATE,GET_PACKAGE_SIZE,READ_PHONE_STATE,SYSTEM_ALERT_WINDOW,BROADCAST,CHANGE_NETWORK_STATE,REORDER_TASKS,BIND_GET_INSTALL_REFERRER_SERVICE,RECEIVE,VIBRATE,FLASHLIGHT,READ_PRIVILEGED_PHONE_STATE,RECORD_AUDIO
CAMERA,WRITE_EXTERNAL_STORAGE,READ_EXTERNAL_STORAGE,DISABLE_KEYGUARD,READ_PHONE_STATE,GET_TASKS,WAKE_LOCK,SYSTEM_OVERLAY_WINDOW,SYSTEM_ALERT_WINDOW,RECEIVE_BOOT_COMPLETED,DISABLE_KEYGUARD,PHONE_STATE_STATE,INTERNET,ACCESS_NETWORK_STATE,RECEIVE,C2D_MESSAGE,C2D_MESSAGE
INTERNET,WRITE_EXTERNAL_STORAGE,SET_WALLPAPER,ACCESS_NETWORK_STATE
VIBRATE,ACCESS_COARSE_LOCATION,ACCESS_FINE_LOCATION,READ_PHONE_STATE,INTERNET,WRITE_EXTERNAL_STORAGE,ACCESS_NETWORK_STATE,GET_ACCOUNTS,WAKE_LOCK,C2D_MESSAGE,C2D_MESSAGE,RECEIVE,RECEIVE_ADM_MESSAGE,RECEIVE_ADM_MESSAGE,RECEIVE,READ_GSERVICES,MAPS_RECEIVE,MAPS_RECEIVE
INTERNET,ACCESS_NETWORK_STATE,RECEIVE_BOOT_COMPLETED,ACCESS_WIFI_STATE,WAKE_LOCK,SET_WALLPAPER,REQUEST_IGNORE_BATTERY_OPTIMIZATIONS,SYSTEM_ALERT_WINDOW,FOREGROUND_SERVICE,ACCESS_FINE_LOCATION,RECEIVE,BIND_GET_INSTALL_REFERRER_SERVICE
INTERNET,ACCESS_NETWORK_STATE,ACCESS_WIFI_STATE
INTERNET,ACCESS_NETWORK_STATE,WAKE_LOCK,RECEIVE_BOOT_COMPLETED,VIBRATE,C2D_MESSAGE,C2D_MESSAGE,RECEIVE,READ,WRITE,READ_SETTINGS,UPDATE_SHORTCUT,BROADCAST_BADGE,PROVIDER_INSERT_BADGE,UPDATE_COUNT,UPDATE_BADGE,CHANGE_BADGE,READ_SETTINGS,WRITE_SETTINGS,READ_APP_BADGE,READ_SETTINGS,WRITE_SETTINGS,BADGE_COUNT_READ,BADGE_COUNT_WRITE,BIND_GET_INSTALL_REFERRER_SERVICE,AD_ID,FOREGROUND_SERVICE
INTERNET,ACCESS_NETWORK_STATE,ACCESS_FINE_LOCATION,C2D_MESSAGE,RECEIVE,WAKE_LOCK,GET_TASKS,READ_PHONE_STATE,WRITE_EXTERNAL_STORAGE,READ_EXTERNAL_STORAGE,C2D_MESSAGE,C2D_MESSAGE
READ_EXTERNAL_STORAGE,WRITE_EXTERNAL_STORAGE,ACCESS_COARSE_LOCATION,ACCESS_FINE_LOCATION,RECEIVE_BOOT_COMPLETED,READ_CONTACTS,CAMERA,FOREGROUND_SERVICE,INTERNET,ACCESS_NETWORK_STATE,ACCESS_WIFI_STATE,WAKE_LOCK,MAPS_RECEIVE,MAPS_RECEIVE,READ_GSERVICES,VIBRATE,RECEIVE,BIND_GET_INSTALL_REFERRER_SERVICE
ACCESS_FINE_LOCATION,RECORD_AUDIO,MODIFY_AUDIO_SETTINGS,WAKE_LOCK,VIBRATE,INTERNET,ACCESS_NETWORK_STATE,ACCESS_WIFI_STATE,SYSTEM_ALERT_WINDOW,WRITE_EXTERNAL_STORAGE,32,USE_BIOMETRIC,AD_ID,SCHEDULE_EXACT_ALARM,READ_PHONE_STATE,android,android,CAMERA,KILL_BACKGROUND_PROCESSES,ACCESS_COARSE_LOCATION,CHANGE_NETWORK_STATE,READ_MEDIA_IMAGES,READ_MEDIA_VIDEO,READ_MEDIA_AUDIO,USE_FINGERPRINT,POST_NOTIFICATIONS,RECEIVE,BIND_GET_INSTALL_REFERRER_SERVICE,BILLING,RECEIVE_BOOT_COMPLETED,FOREGROUND_SERVICE
VIBRATE,ACCESS_NETWORK_STATE,INTERNET,28,WRITE_CONTACTS,READ_CONTACTS,WRITE_SETTINGS,ACCESS_WIFI_STATE,AD_ID,WAKE_LOCK,RECEIVE_BOOT_COMPLETED,FOREGROUND_SERVICE,BIND_GET_INSTALL_REFERRER_SERVICE
AD_ID,ACCESS_FINE_LOCATION,ACCESS_COARSE_LOCATION,ACCESS_NETWORK_STATE,INTERNET,WRITE_EXTERNAL_STORAGE,READ_EXTERNAL_STORAGE,GET_PACKAGE_SIZE,READ_PHONE_STATE,ACCESS_WIFI_STATE,CHANGE_WIFI_STATE,RECEIVE_BOOT_COMPLETED,BIND_ACCESSIBILITY_SERVICE,INSTALL_SHORTCUT,CAMERA,MOUNT_UNMOUNT_FILESYSTEMS,REQUEST_INSTALL_PACKAGES,FOREGROUND_SERVICE,OPPO_COMPONENT_SAFE,WAKE_LOCK,REQUEST_DELETE_PACKAGES,INTERNET,ACCESS_NETWORK_STATE,WRITE_EXTERNAL_STORAGE,READ_PHONE_STATE,GET_PACKAGE_SIZE,READ_PHONE_STATE,SYSTEM_ALERT_WINDOW,BROADCAST,CHANGE_NETWORK_STATE,REORDER_TASKS,BIND_GET_INSTALL_REFERRER_SERVICE,RECEIVE,VIBRATE,FLASHLIGHT,READ_PRIVILEGED_PHONE_STATE,RECORD_AUDIO
INTERNET,RECEIVE_BOOT_COMPLETED,SET_ALARM,WAKE_LOCK,DISABLE_KEYGUARD,22,READ_PHONE_STATE,ACCESS_COARSE_LOCATION,ACCESS_NETWORK_STATE,WRITE_EXTERNAL_STORAGE,22,RECEIVE,BIND_GET_INSTALL_REFERRER_SERVICE
C2D_MESSAGE,MAPS_RECEIVE,MAPS_RECEIVE,READ_GSERVICES,INTERNET,ACCESS_NETWORK_STATE,ACCESS_COARSE_LOCATION,ACCESS_FINE_LOCATION,CAMERA,WRITE_EXTERNAL_STORAGE,C2D_MESSAGE,RECEIVE,GET_ACCOUNTS,WAKE_LOCK
INTERNET,ACCESS_NETWORK_STATE,WAKE_LOCK,RECEIVE,C2D_MESSAGE,C2D_MESSAGE
INTERNET
C2D_MESSAGE,C2D_MESSAGE,ACCESS_NETWORK_STATE,INTERNET,WRITE_EXTERNAL_STORAGE,RECEIVE,WAKE_LOCK,VIBRATE,RECEIVE_BOOT_COMPLETED,READ,WRITE,READ_SETTINGS,UPDATE_SHORTCUT,BROADCAST_BADGE,PROVIDER_INSERT_BADGE,UPDATE_COUNT,UPDATE_BADGE,CHANGE_BADGE,READ_SETTINGS,WRITE_SETTINGS,READ_APP_BADGE,READ_SETTINGS,WRITE_SETTINGS,BADGE_COUNT_READ,BADGE_COUNT_WRITE
INTERNET,READ_HISTORY_BOOKMARKS,WRITE_HISTORY_BOOKMARKS,WRITE_EXTERNAL_STORAGE,READ_EXTERNAL_STORAGE,ACCESS_FINE_LOCATION,ACCESS_NETWORK_STATE
ACCESS_NETWORK_STATE,INTERNET
VIBRATE,INTERNET,ACCESS_NETWORK_STATE,BILLING,WAKE_LOCK,BIND_GET_INSTALL_REFERRER_SERVICE,RECEIVE
CAMERA,MOUNT_UNMOUNT_FILESYSTEMS,WRITE_EXTERNAL_STORAGE,READ_EXTERNAL_STORAGE,INTERNET,ACCESS_NETWORK_STATE,VIBRATE,ACCESS_WIFI_STATE,READ_PHONE_STATE,SYSTEM_ALERT_WINDOW,EXPAND_STATUS_BAR,RECEIVE_BOOT_COMPLETED,RECEIVE_USER_PRESENT,GOOGLE_PHOTOS,VIBRATE,KILL_BACKGROUND_PROCESSES,CHANGE_WIFI_STATE,CHANGE_NETWORK_STATE,SET_ALARM,GET_TASKS,CALL_PHONE,SYSTEM_ALERT_WINDOW,READ_PHONE_STATE,WAKE_LOCK,BIND_GET_INSTALL_REFERRER_SERVICE,RECEIVE,C2D_MESSAGE,C2D_MESSAGE
AD_ID,ACCESS_FINE_LOCATION,ACCESS_COARSE_LOCATION,ACCESS_NETWORK_STATE,INTERNET,WRITE_EXTERNAL_STORAGE,READ_EXTERNAL_STORAGE,GET_PACKAGE_SIZE,READ_PHONE_STATE,ACCESS_WIFI_STATE,CHANGE_WIFI_STATE,RECEIVE_BOOT_COMPLETED,BIND_ACCESSIBILITY_SERVICE,INSTALL_SHORTCUT,CAMERA,MOUNT_UNMOUNT_FILESYSTEMS,REQUEST_INSTALL_PACKAGES,FOREGROUND_SERVICE,OPPO_COMPONENT_SAFE,WAKE_LOCK,REQUEST_DELETE_PACKAGES,INTERNET,ACCESS_NETWORK_STATE,WRITE_EXTERNAL_STORAGE,READ_PHONE_STATE,GET_PACKAGE_SIZE,READ_PHONE_STATE,SYSTEM_ALERT_WINDOW,BROADCAST,CHANGE_NETWORK_STATE,REORDER_TASKS,BIND_GET_INSTALL_REFERRER_SERVICE,RECEIVE,VIBRATE,FLASHLIGHT,READ_PRIVILEGED_PHONE_STATE,RECORD_AUDIO
INTERNET,ACCESS_NETWORK_STATE,ACCESS_FINE_LOCATION,WAKE_LOCK,RECEIVE,BIND_GET_INSTALL_REFERRER_SERVICE
INTERNET,ACCESS_NETWORK_STATE,ACCESS_WIFI_STATE,ACCESS_COARSE_LOCATION,RECORD_AUDIO,WRITE_EXTERNAL_STORAGE,USE_FINGERPRINT,USE_BIOMETRIC,WAKE_LOCK,RECEIVE,C2D_MESSAGE,C2D_MESSAGE
ACCESS_NETWORK_STATE,INTERNET,SET_WALLPAPER,SET_WALLPAPER_HINTS,ACCESS_WIFI_STATE,SYSTEM_ALERT_WINDOW,GET_TASKS,ACCESS_COARSE_LOCATION,WRITE_EXTERNAL_STORAGE,READ_PHONE_STATE,C2D_MESSAGE,C2D_MESSAGE,RECEIVE,WAKE_LOCK,VIBRATE,RECEIVE_BOOT_COMPLETED,READ,WRITE,READ_SETTINGS,UPDATE_SHORTCUT,BROADCAST_BADGE,PROVIDER_INSERT_BADGE,UPDATE_COUNT,UPDATE_BADGE,CHANGE_BADGE,READ_SETTINGS,WRITE_SETTINGS,READ_APP_BADGE,READ_SETTINGS,WRITE_SETTINGS,BADGE_COUNT_READ,BADGE_COUNT_WRITE,BIND_GET_INSTALL_REFERRER_SERVICE
READ_EXTERNAL_STORAGE,WRITE_EXTERNAL_STORAGE,INTERNET,ACCESS_NETWORK_STATE,ACCESS_WIFI_STATE,WAKE_LOCK,CHANGE_WIFI_STATE,CHANGE_WIFI_MULTICAST_STATE
INTERNET,ACCESS_NETWORK_STATE,WAKE_LOCK,AD_ID,BIND_GET_INSTALL_REFERRER_SERVICE,FOREGROUND_SERVICE,RECEIVE_BOOT_COMPLETED
INTERNET,SYSTEM_ALERT_WINDOW,WRITE_EXTERNAL_STORAGE,READ_PHONE_STATE,READ_EXTERNAL_STORAGE
WRITE_EXTERNAL_STORAGE,INTERNET,ACCESS_NETWORK_STATE,READ_PHONE_STATE,ACCESS_WIFI_STATE,CHANGE_WIFI_STATE,CHANGE_NETWORK_STATE,VIBRATE
RECEIVE,SEND,INTERNET,CAMERA,WRITE_EXTERNAL_STORAGE,READ_EXTERNAL_STORAGE,RECORD_AUDIO,ACCESS_FINE_LOCATION,ACCESS_COARSE_LOCATION,ACCESS_NETWORK_STATE,VIBRATE,WAKE_LOCK,READ,WRITE,READ_SETTINGS,UPDATE_SHORTCUT,BROADCAST_BADGE,PROVIDER_INSERT_BADGE,UPDATE_COUNT,UPDATE_BADGE,CHANGE_BADGE,READ_SETTINGS,WRITE_SETTINGS,READ_APP_BADGE,READ_SETTINGS,WRITE_SETTINGS,BADGE_COUNT_READ,BADGE_COUNT_WRITE,C2D_MESSAGE,C2D_MESSAGE,RECEIVE_BOOT_COMPLETED,BILLING
CAMERA,WRITE_EXTERNAL_STORAGE,READ_EXTERNAL_STORAGE,BLUETOOTH,BLUETOOTH_ADMIN,ACCESS_COARSE_LOCATION,ACCESS_FINE_LOCATION,WAKE_LOCK,INTERNET
INTERNET,ACCESS_NETWORK_STATE,ACCESS_FINE_LOCATION,ACCESS_COARSE_LOCATION,ACCESS_WIFI_STATE
BILLING,WAKE_LOCK,WRITE_EXTERNAL_STORAGE,READ_EXTERNAL_STORAGE,INTERNET,READ_PHONE_STATE,FOREGROUND_SERVICE
INTERNET,ACCESS_NETWORK_STATE
READ_PHONE_STATE,RECEIVE,INTERNET,ACCESS_NETWORK_STATE,WAKE_LOCK
INTERNET,ACCESS_NETWORK_STATE,WRITE_EXTERNAL_STORAGE
ACCESS_NETWORK_STATE,INTERNET,AD_ID,WAKE_LOCK,RECEIVE_BOOT_COMPLETED,FOREGROUND_SERVICE
INTERNET,READ_EXTERNAL_STORAGE,28,ACCESS_COARSE_LOCATION,ACCESS_FINE_LOCATION,CAMERA,RECORD_AUDIO,HIGH_SAMPLING_RATE_SENSORS,26,FOREGROUND_SERVICE,DOWNLOAD_WITHOUT_NOTIFICATION,ACCESS_NETWORK_STATE,WAKE_LOCK,MODIFY_AUDIO_SETTINGS,RECEIVE_BOOT_COMPLETED
INTERNET,ACCESS_NETWORK_STATE,ACCESS_GPS,ACCESS_ASSISTED_GPS,ACCESS_LOCATION,ACCESS_COARSE_LOCATION,ACCESS_FINE_LOCATION,WRITE_EXTERNAL_STORAGE,READ_EXTERNAL_STORAGE,C2D_MESSAGE,C2D_MESSAGE,RECEIVE,WAKE_LOCK,VIBRATE,RECEIVE_BOOT_COMPLETED,READ,WRITE,READ_SETTINGS,UPDATE_SHORTCUT,BROADCAST_BADGE,PROVIDER_INSERT_BADGE,UPDATE_COUNT,UPDATE_BADGE,CHANGE_BADGE,READ_SETTINGS,WRITE_SETTINGS,READ_APP_BADGE,READ_SETTINGS,WRITE_SETTINGS,BADGE_COUNT_READ,BADGE_COUNT_WRITE,BIND_GET_INSTALL_REFERRER_SERVICE
ACCESS_NETWORK_STATE,INTERNET,WAKE_LOCK,RECEIVE,BIND_GET_INSTALL_REFERRER_SERVICE,AD_ID,RECEIVE_BOOT_COMPLETED,FOREGROUND_SERVICE
INTERNET,ACCESS_NETWORK_STATE,VIBRATE,READ_PHONE_STATE,WAKE_LOCK
INTERNET,BILLING,RECEIVE,WAKE_LOCK,VIBRATE,ACCESS_NETWORK_STATE,RECEIVE_BOOT_COMPLETED,READ,WRITE,READ_SETTINGS,UPDATE_SHORTCUT,BROADCAST_BADGE,PROVIDER_INSERT_BADGE,UPDATE_COUNT,UPDATE_BADGE,CHANGE_BADGE,READ_SETTINGS,WRITE_SETTINGS,READ_APP_BADGE,READ_SETTINGS,WRITE_SETTINGS,BADGE_COUNT_READ,BADGE_COUNT_WRITE,C2D_MESSAGE,C2D_MESSAGE
WRITE_EXTERNAL_STORAGE,READ_EXTERNAL_STORAGE,ACCESS_NETWORK_STATE,INTERNET,WAKE_LOCK
INTERNET
CAMERA,INTERNET,READ_EXTERNAL_STORAGE,WRITE_EXTERNAL_STORAGE,ACCESS_NETWORK_STATE,WAKE_LOCK,BIND_GET_INSTALL_REFERRER_SERVICE,RECEIVE
INTERNET,ACCESS_NETWORK_STATE,WAKE_LOCK,BIND_GET_INSTALL_REFERRER_SERVICE
BILLING,INTERNET,C2D_MESSAGE,C2D_MESSAGE,RECEIVE,WAKE_LOCK,VIBRATE,ACCESS_NETWORK_STATE,RECEIVE_BOOT_COMPLETED,READ,WRITE,READ_SETTINGS,UPDATE_SHORTCUT,BROADCAST_BADGE,PROVIDER_INSERT_BADGE,UPDATE_COUNT,UPDATE_BADGE,CHANGE_BADGE,READ_SETTINGS,WRITE_SETTINGS,READ_APP_BADGE,READ_SETTINGS,WRITE_SETTINGS,BADGE_COUNT_READ,BADGE_COUNT_WRITE,AD_ID,FOREGROUND_SERVICE
INTERNET,ACCESS_NETWORK_STATE,ACCESS_FINE_LOCATION,WRITE_EXTERNAL_STORAGE,READ_PHONE_STATE,BILLING
WRITE_INTERNAL_STORAGE,WRITE_EXTERNAL_STORAGE,READ_EXTERNAL_STORAGE,READ_INTERNAL_STORAGE,CALL_PHONE,INTERNET,ACCESS_NETWORK_STATE,ACCESS_COARSE_LOCATION,ACCESS_FINE_LOCATION,READ_PHONE_STATE,GET_ACCOUNTS,WAKE_LOCK,VIBRATE,RECEIVE_BOOT_COMPLETED,C2D_MESSAGE,RECEIVE,C2D_MESSAGE
INTERNET,ACCESS_FINE_LOCATION,ACCESS_COARSE_LOCATION,WRITE_EXTERNAL_STORAGE,ACCESS_NETWORK_STATE,ACCESS_WIFI_STATE,WAKE_LOCK,USE_FINGERPRINT,RECEIVE,BIND_GET_INSTALL_REFERRER_SERVICE,RECEIVE_BOOT_COMPLETED,FOREGROUND_SERVICE
SET_WALLPAPER_HINTS,SET_WALLPAPER,INTERNET,ACCESS_NETWORK_STATE
INTERNET,ACCESS_NETWORK_STATE,ACCESS_WIFI_STATE,WAKE_LOCK,BIND_GET_INSTALL_REFERRER_SERVICE,RECEIVE
C2D_MESSAGE,PUSH_RECEIVED,ACTION_COMPLAINT_REPLY,LOGOUT,SESSION_EXPIRE,INTERNET,ACCESS_NETWORK_STATE,ACCESS_WIFI_STATE,READ_PRIVILEGED_PHONE_STATE,VIBRATE,WAKE_LOCK,ACCESS_COARSE_LOCATION,ACCESS_FINE_LOCATION,RECORD_AUDIO,READ_PHONE_STATE,READ_CONTACTS,RECEIVE,C2D_MESSAGE,PUSH_RECEIVED,ACTION_COMPLAINT_REPLY,LOGOUT,SESSION_EXPIRE,CAMERA,READ_EXTERNAL_STORAGE,WRITE_EXTERNAL_STORAGE,BIND_GET_INSTALL_REFERRER_SERVICE,CHANGE_WIFI_STATE,AD_ID,PROCESS_PUSH_MSG,PUSH_PROVIDER,PUSH_WRITE_PROVIDER,PROCESS_PUSH_MSG,PUSH_PROVIDER,FOREGROUND_SERVICE
INTERNET,ACCESS_NETWORK_STATE,ACCESS_FINE_LOCATION,18,18,READ_PHONE_STATE,WAKE_LOCK,BIND_GET_INSTALL_REFERRER_SERVICE
INTERNET,ACCESS_NETWORK_STATE
ACCESS_NETWORK_STATE,INTERNET,READ_PHONE_STATE,ACCESS_WIFI_STATE,WRITE_EXTERNAL_STORAGE,RECEIVE_BOOT_COMPLETED,WAKE_LOCK,RECEIVE_USER_PRESENT,VIBRATE
READ_EXTERNAL_STORAGE,ACCESS_NETWORK_STATE,INTERNET
ACCESS_WIFI_STATE,ACCESS_NETWORK_STATE,INTERNET,MAPS_RECEIVE,READ_GSERVICES,MAPS_RECEIVE
INTERNET,BILLING,BILLING,VIBRATE,BIND_GET_INSTALL_REFERRER_SERVICE,ACCESS_NETWORK_STATE,WAKE_LOCK,RECEIVE,C2D_MESSAGE,C2D_MESSAGE
INTERNET,ACCESS_NETWORK_STATE
MAPS_RECEIVE,MAPS_RECEIVE,INTERNET,ACCESS_NETWORK_STATE,READ_EXTERNAL_STORAGE,WRITE_EXTERNAL_STORAGE,READ_GSERVICES,ACCESS_GPS,ACCESS_LOCATION,ACCESS_COARSE_LOCATION,ACCESS_FINE_LOCATION,C2D_MESSAGE,C2D_MESSAGE,RECEIVE,GET_ACCOUNTS,RECEIVE_BOOT_COMPLETED,WAKE_LOCK,READ_PHONE_STATE,READ_CONTACTS,WRITE_CONTACTS,RECEIVE_SMS,SEND_SMS,CALL_PHONE,CAMERA,INSTALL_SHORTCUT,BILLING
ACCESS_WIFI_STATE,ACCESS_NETWORK_STATE,INTERNET,WAKE_LOCK
INTERNET,WAKE_LOCK,WRITE_EXTERNAL_STORAGE,READ_EXTERNAL_STORAGE,READ_PHONE_STATE,ACCESS_NETWORK_STATE,CHANGE_NETWORK_STATE,RECEIVE_BOOT_COMPLETED,UPDATE_DEVICE_STATS,C2D_MESSAGE,C2D_MESSAGE,ACCESS_WIFI_STATE,RECEIVE
ACCESS_NETWORK_STATE,INTERNET,WRITE_EXTERNAL_STORAGE,SET_WALLPAPER,SET_WALLPAPER_HINTS,ACCESS_WIFI_STATE,RECEIVE_BOOT_COMPLETED,WAKE_LOCK,BIND_GET_INSTALL_REFERRER_SERVICE,RECEIVE
INTERNET,VIBRATE,ACCESS_NETWORK_STATE,ACCESS_FINE_LOCATION,ACCESS_COARSE_LOCATION,WAKE_LOCK,READ_CALENDAR,WRITE_CALENDAR,RECEIVE_BOOT_COMPLETED,RECEIVE,FOREGROUND_SERVICE
INTERNET,ACCESS_NETWORK_STATE,ACCESS_WIFI_STATE,WRITE_EXTERNAL_STORAGE,ACCESS_COARSE_LOCATION,ACCESS_FINE_LOCATION
INTERNET,ACCESS_NETWORK_STATE,BILLING
ACCESS_NETWORK_STATE,WRITE_EXTERNAL_STORAGE,BILLING,INTERNET,VIBRATE,WAKE_LOCK,AD_ID,BIND_GET_INSTALL_REFERRER_SERVICE,RECEIVE_BOOT_COMPLETED,FOREGROUND_SERVICE
INTERNET,WRITE_EXTERNAL_STORAGE,WRITE_SETTINGS,ACCESS_NETWORK_STATE
GET_ACCOUNTS,READ_PROFILE,READ_CONTACTS,INTERNET,ACCESS_NETWORK_STATE,ACCESS_FINE_LOCATION,RECEIVE,VIBRATE,WAKE_LOCK,C2D_MESSAGE,C2D_MESSAGE,READ,WRITE,READ_SETTINGS,UPDATE_SHORTCUT,BROADCAST_BADGE,PROVIDER_INSERT_BADGE,UPDATE_COUNT,UPDATE_BADGE,CHANGE_BADGE,READ_SETTINGS,WRITE_SETTINGS,READ_APP_BADGE,READ_SETTINGS,WRITE_SETTINGS,BADGE_COUNT_READ,BADGE_COUNT_WRITE
INTERNET,ACCESS_NETWORK_STATE,CAMERA,RECORD_AUDIO
INTERNET,WRITE_EXTERNAL_STORAGE,ACCESS_NETWORK_STATE
INTERNET,ACCESS_NETWORK_STATE,ACCESS_WIFI_STATE,WRITE_EXTERNAL_STORAGE
INTERNET,ACCESS_NETWORK_STATE,BILLING,FOREGROUND_SERVICE,RECORD_AUDIO,WRITE_EXTERNAL_STORAGE,WAKE_LOCK
WAKE_LOCK,DISABLE_KEYGUARD,ACCESS_NETWORK_STATE,READ_PHONE_STATE,WRITE_EXTERNAL_STORAGE,INTERNET
ACCESS_FINE_LOCATION,ACCESS_COARSE_LOCATION,WRITE_EXTERNAL_STORAGE,INTERNET,ACCESS_NETWORK_STATE,READ_CONTACTS,READ_PHONE_STATUS,BLUETOOTH,BLUETOOTH_ADMIN,WAKE_LOCK,READ_GSERVICES,MAPS_RECEIVE,BILLING
INTERNET,ACCESS_NETWORK_STATE
RECEIVE,WAKE_LOCK,ACCESS_FINE_LOCATION,FOR,FOREGROUND_SERVICE,BIND_NOTIFICATION_LISTENER_SERVICE,ACCESS_NETWORK_STATE,INTERNET,CALL_PHONE,ACCESS_COARSE_LOCATION,C2D_MESSAGE,C2D_MESSAGE,VIBRATE,RECEIVE_BOOT_COMPLETED,READ,WRITE,READ_SETTINGS,UPDATE_SHORTCUT,BROADCAST_BADGE,PROVIDER_INSERT_BADGE,UPDATE_COUNT,UPDATE_BADGE,CHANGE_BADGE,READ_SETTINGS,WRITE_SETTINGS,READ_APP_BADGE,READ_SETTINGS,WRITE_SETTINGS,BADGE_COUNT_READ,BADGE_COUNT_WRITE
INTERNET,WRITE_EXTERNAL_STORAGE,READ_EXTERNAL_STORAGE,ACCESS_NETWORK_STATE,WAKE_LOCK,RECEIVE,BIND_GET_INSTALL_REFERRER_SERVICE
ACCESS_NETWORK_STATE,ACCESS_WIFI_STATE,INTERNET,MODIFY_AUDIO_SETTINGS,RECEIVE_BOOT_COMPLETED,VIBRATE,WAKE_LOCK,RECORD_AUDIO,READ_EXTERNAL_STORAGE,WRITE_EXTERNAL_STORAGE,MEDIA_CONTENT_CONTROL,GET_ACCOUNTS,RECEIVE,C2D_MESSAGE,C2D_MESSAGE,RATING,RATING,AD_ID,FOREGROUND_SERVICE,BILLING,BIND_GET_INSTALL_REFERRER_SERVICE
AUTHENTICATE_ACCOUNTS,GET_ACCOUNTS,MANAGE_ACCOUNTS,USE_CREDENTIALS,WRITE_EXTERNAL_STORAGE,CAMERA,READ_EXTERNAL_STORAGE,INTERNET,ACCESS_NETWORK_STATE,WAKE_LOCK,BIND_GET_INSTALL_REFERRER_SERVICE,RECEIVE
INTERNET,DISABLE_KEYGUARD,WAKE_LOCK
ACCESS_NETWORK_STATE,INTERNET,WRITE_SETTINGS,WAKE_LOCK,WRITE_EXTERNAL_STORAGE,BROADCAST_STICKY,READ_EXTERNAL_STORAGE,MODIFY_AUDIO_SETTINGS,VIBRATE,SYSTEM_ALERT_WINDOW,BILLING,GOOGLE_AUTH,READ_GMAIL,READ_GMAIL,WRITE_GMAIL,FOREGROUND_SERVICE,AD_ID,RECEIVE_BOOT_COMPLETED,BIND_GET_INSTALL_REFERRER_SERVICE,RECEIVE
INTERNET,VIBRATE,ACCESS_NETWORK_STATE,ACCESS_FINE_LOCATION,ACCESS_COARSE_LOCATION,WAKE_LOCK,READ_CALENDAR,WRITE_CALENDAR,RECEIVE_BOOT_COMPLETED,RECEIVE,FOREGROUND_SERVICE
INTERNET,ACCESS_NETWORK_STATE,WRITE_EXTERNAL_STORAGE,READ_EXTERNAL_STORAGE,ACCESS_WIFI_STATE,CAMERA,BLUETOOTH,VIBRATE,WAKE_LOCK,RECEIVE_BOOT_COMPLETED,SET_WALLPAPER,SET_WALLPAPER_HINTS
ACCESS_NETWORK_STATE,INTERNET,WRITE_EXTERNAL_STORAGE,SET_WALLPAPER,SET_WALLPAPER_HINTS,ACCESS_WIFI_STATE,RECEIVE,C2D_MESSAGE,C2D_MESSAGE,WAKE_LOCK,VIBRATE,RECEIVE_BOOT_COMPLETED,READ,WRITE,READ_SETTINGS,UPDATE_SHORTCUT,BROADCAST_BADGE,PROVIDER_INSERT_BADGE,UPDATE_COUNT,UPDATE_BADGE,CHANGE_BADGE,READ_SETTINGS,WRITE_SETTINGS,READ_APP_BADGE,READ_SETTINGS,WRITE_SETTINGS,BADGE_COUNT_READ,BADGE_COUNT_WRITE
INTERNET,ACCESS_NETWORK_STATE,WRITE_EXTERNAL_STORAGE
ACCESS_NETWORK_STATE,ACCESS_FINE_LOCATION,INTERNET,CAMERA,WRITE_EXTERNAL_STORAGE,WAKE_LOCK,RECEIVE,USE_BIOMETRIC,USE_FINGERPRINT
INTERNET,ACCESS_COARSE_LOCATION,ACCESS_FINE_LOCATION,ACCESS_NETWORK_STATE,WAKE_LOCK,VIBRATE,WRITE_EXTERNAL_STORAGE,RECORD_AUDIO,MODIFY_AUDIO_SETTINGS,READ_PHONE_STATE,CALL_PHONE,READ,WRITE,READ_SETTINGS,UPDATE_SHORTCUT,BROADCAST_BADGE,PROVIDER_INSERT_BADGE,UPDATE_COUNT,UPDATE_BADGE,CHANGE_BADGE,READ_SETTINGS,WRITE_SETTINGS,READ_APP_BADGE,READ_SETTINGS,WRITE_SETTINGS,BADGE_COUNT_READ,BADGE_COUNT_WRITE,RECEIVE,C2D_MESSAGE,C2D_MESSAGE
INTERNET,ACCESS_NETWORK_STATE,WAKE_LOCK,READ_GSERVICES,BIND_GET_INSTALL_REFERRER_SERVICE,RECEIVE
INTERNET,SET_WALLPAPER,WRITE_EXTERNAL_STORAGE,FOREGROUND_SERVICE,ACCESS_NETWORK_STATE,C2D_MESSAGE,C2D_MESSAGE,RECEIVE,WAKE_LOCK,VIBRATE,RECEIVE_BOOT_COMPLETED,READ,WRITE,READ_SETTINGS,UPDATE_SHORTCUT,BROADCAST_BADGE,PROVIDER_INSERT_BADGE,UPDATE_COUNT,UPDATE_BADGE,CHANGE_BADGE,READ_SETTINGS,WRITE_SETTINGS,READ_APP_BADGE,READ_SETTINGS,WRITE_SETTINGS,BADGE_COUNT_READ,BADGE_COUNT_WRITE
18,INTERNET,ACCESS_NETWORK_STATE,ACCESS_WIFI_STATE
INTERNET,ACCESS_NETWORK_STATE,ACCESS_WIFI_STATE,SET_WALLPAPER,SET_WALLPAPER_HINTS,WRITE_EXTERNAL_STORAGE,AD_ID,WAKE_LOCK,RECEIVE_BOOT_COMPLETED,FOREGROUND_SERVICE,RECEIVE,BIND_GET_INSTALL_REFERRER_SERVICE
C2D_MESSAGE,DISABLE_KEYGUARD,READ_EXTERNAL_STORAGE,WRITE_EXTERNAL_STORAGE,CHANGE_CONFIGURATION,C2D_MESSAGE,INTERNET,ACCESS_NETWORK_STATE,ACCESS_FINE_LOCATION,ACCESS_COARSE_LOCATION,CAMERA,VIBRATE,WAKE_LOCK,RECEIVE,BIND_GET_INSTALL_REFERRER_SERVICE
INTERNET,READ_PHONE_STATE,ACCESS_NETWORK_STATE,WAKE_LOCK,BLUETOOTH,FOREGROUND_SERVICE,ACCESS_WIFI_STATE,CHANGE_WIFI_MULTICAST_STATE,AD_ID,WRITE_EXTERNAL_STORAGE,READ_EXTERNAL_STORAGE,BIND_GET_INSTALL_REFERRER_SERVICE,RECEIVE,RECEIVE_BOOT_COMPLETED
INTERNET,ACCESS_NETWORK_STATE
INTERNET,ACCESS_NETWORK_STATE,WAKE_LOCK
WAKE_LOCK,WRITE_EXTERNAL_STORAGE,CAMERA,READ_PHONE_STATE,CALL_PHONE,ACCESS_FINE_LOCATION,READ_CONTACTS,USE_BIOMETRIC,USE_CREDENTIALS,ACCESS_COARSE_LOCATION,ACCESS_NETWORK_STATE,READ_OWNER_DATA,INTERNET,READ_EXTERNAL_STORAGE,GET_ACCOUNTS,USE_FINGERPRINT,VIBRATE,READ,WRITE,READ_SETTINGS,UPDATE_SHORTCUT,BROADCAST_BADGE,PROVIDER_INSERT_BADGE,UPDATE_COUNT,UPDATE_BADGE,CHANGE_BADGE,READ_SETTINGS,WRITE_SETTINGS,READ_APP_BADGE,READ_SETTINGS,WRITE_SETTINGS,BADGE_COUNT_READ,BADGE_COUNT_WRITE,BIND_GET_INSTALL_REFERRER_SERVICE,RECEIVE,C2D_MESSAGE,C2D_MESSAGE
INTERNET
ACCESS_NETWORK_STATE,INTERNET,SYSTEM_ALERT_WINDOW
INTERNET,ACCESS_NETWORK_STATE,ACCESS_WIFI_STATE,ACCESS_COARSE_LOCATION,WRITE_EXTERNAL_STORAGE,READ_PHONE_STATE
WAKE_LOCK,INTERNET,ACCESS_WIFI_STATE,ACCESS_NETWORK_STATE,WRITE_EXTERNAL_STORAGE,WRITE_SETTINGS
INTERNET,ACCESS_NETWORK_STATE
READ_EXTERNAL_STORAGE,WRITE_EXTERNAL_STORAGE
READ_EXTERNAL_STORAGE,INTERNET,ACCESS_NETWORK_STATE,WAKE_LOCK,RECEIVE_BOOT_COMPLETED,VIBRATE,GET_ACCOUNTS,RECEIVE,BILLING,WRITE_CONTACTS,READ_CONTACTS,READ_SYNC_SETTINGS,WRITE_SYNC_SETTINGS,AUTHENTICATE_ACCOUNTS,BILLING,C2D_MESSAGE,C2D_MESSAGE,signature,CORRECTION,CAMERA,WRITE_EXTERNAL_STORAGE,BIND_GET_INSTALL_REFERRER_SERVICE
POST_NOTIFICATIONS,WRITE_EXTERNAL_STORAGE,READ_EXTERNAL_STORAGE,ACCESS_NETWORK_STATE,INTERNET,ACCESS_FINE_LOCATION,ACCESS_COARSE_LOCATION,ACCESS_BACKGROUND_LOCATION,AD_ID,WAKE_LOCK,RECEIVE,BIND_GET_INSTALL_REFERRER_SERVICE,VIBRATE,FOREGROUND_SERVICE,ACCESS_WIFI_STATE,RECEIVE_BOOT_COMPLETED
WRITE_EXTERNAL_STORAGE
ACCESS_WIFI_STATE,RECEIVE,RECEIVE_ADM_MESSAGE,RECEIVE_ADM_MESSAGE,ACCESS_NETWORK_STATE,INTERNET,WRITE_EXTERNAL_STORAGE,ACCESS_COARSE_LOCATION,ACCESS_FINE_LOCATION,RECEIVE_BOOT_COMPLETED,C2D_MESSAGE,C2D_MESSAGE,RECEIVE,WAKE_LOCK,VIBRATE,READ,WRITE,READ_SETTINGS,UPDATE_SHORTCUT,BROADCAST_BADGE,PROVIDER_INSERT_BADGE,UPDATE_COUNT,UPDATE_BADGE,CHANGE_BADGE,READ_SETTINGS,WRITE_SETTINGS,READ_APP_BADGE,READ_SETTINGS,WRITE_SETTINGS,BADGE_COUNT_READ,BADGE_COUNT_WRITE
ACCESS_NETWORK_STATE,ACCESS_WIFI_STATE,WAKE_LOCK,INTERNET,VIBRATE,BIND_GET_INSTALL_REFERRER_SERVICE
INTERNET,ACCESS_NETWORK_STATE,ACCESS_WIFI_STATE,AD_ID,WAKE_LOCK,RECEIVE_BOOT_COMPLETED,FOREGROUND_SERVICE
INTERNET,ACCESS_NETWORK_STATE,WRITE_EXTERNAL_STORAGE,ACCESS_WIFI_STATE,GET_ACCOUNTS,WAKE_LOCK,RECEIVE,C2D_MESSAGE,C2D_MESSAGE
ACCESS_NETWORK_STATE,INTERNET,SET_WALLPAPER,SET_WALLPAPER_HINTS,ACCESS_WIFI_STATE,SYSTEM_ALERT_WINDOW,GET_TASKS,ACCESS_COARSE_LOCATION,WRITE_EXTERNAL_STORAGE,READ_PHONE_STATE,C2D_MESSAGE,C2D_MESSAGE,RECEIVE,WAKE_LOCK,VIBRATE,RECEIVE_BOOT_COMPLETED,READ,WRITE,READ_SETTINGS,UPDATE_SHORTCUT,BROADCAST_BADGE,PROVIDER_INSERT_BADGE,UPDATE_COUNT,UPDATE_BADGE,CHANGE_BADGE,READ_SETTINGS,WRITE_SETTINGS,READ_APP_BADGE,READ_SETTINGS,WRITE_SETTINGS,BADGE_COUNT_READ,BADGE_COUNT_WRITE,BIND_GET_INSTALL_REFERRER_SERVICE
ACCESS_NETWORK_STATE,INTERNET,READ_CALL_LOG,READ_CONTACTS,WRITE_CONTACTS,READ_SMS,READ_PHONE_STATE,RECEIVE_SMS,MODIFY_PHONE_STATE,CALL_PHONE,WRITE_CALL_LOG,MODIFY_AUDIO_SETTINGS,VIBRATE
INTERNET,VIBRATE,ACCESS_NETWORK_STATE,ACCESS_WIFI_STATE,WAKE_LOCK,RECEIVE,C2D_MESSAGE,C2D_MESSAGE,C2D_MESSAGE,C2D_MESSAGE
INTERNET,ACCESS_NETWORK_STATE,WRITE_EXTERNAL_STORAGE,READ_EXTERNAL_STORAGE,VIBRATE,ACCESS_COARSE_LOCATION,ACCESS_FINE_LOCATION,ACCESS_BACKGROUND_LOCATION,ACCESS_WIFI_STATE,RECEIVE_BOOT_COMPLETED,AD_ID,WAKE_LOCK,RECEIVE,FOREGROUND_SERVICE
INTERNET,ACCESS_NETWORK_STATE,RECEIVE_BOOT_COMPLETED,ACCESS_WIFI_STATE,WAKE_LOCK,SET_WALLPAPER,REQUEST_IGNORE_BATTERY_OPTIMIZATIONS,SYSTEM_ALERT_WINDOW,FOREGROUND_SERVICE,ACCESS_FINE_LOCATION,RECEIVE,BIND_GET_INSTALL_REFERRER_SERVICE
AD_ID,CHANGE_NETWORK_STATE,CHANGE_WIFI_STATE,ACCESS_WIFI_STATE,ACCESS_FINE_LOCATION,ACCESS_COARSE_LOCATION,READ_PRIVILEGED_PHONE_STATE,INSTALL_SHORTCUT,READ_PHONE_STATE,READ_EXTERNAL_STORAGE,USE_FINGERPRINT,SYSTEM_ALERT_WINDOW,WAKE_LOCK,FOREGROUND_SERVICE,REQUEST_DELETE_PACKAGES,PACKAGE_USAGE_STATS,DELETE_CACHE_FILES,CLEAR_APP_CACHE,WRITE_EXTERNAL_STORAGE,KILL_BACKGROUND_PROCESSES,GET_PACKAGE_SIZE,RECEIVE_BOOT_COMPLETED,GET_TASKS,BILLING,INTERNET,ACCESS_NETWORK_STATE
INTERNET,ACCESS_NETWORK_STATE,WAKE_LOCK,RECEIVE,C2D_MESSAGE,C2D_MESSAGE
INTERNET,ACCESS_NETWORK_STATE,FOREGROUND_SERVICE
INTERNET,RECEIVE,ACCESS_NETWORK_STATE,WAKE_LOCK,C2D_MESSAGE,C2D_MESSAGE
ACCESS_NETWORK_STATE,INTERNET
INTERNET,ACCESS_NETWORK_STATE,SET_WALLPAPER,WRITE_EXTERNAL_STORAGE,GET_ACCOUNTS,WAKE_LOCK,VIBRATE,RECEIVE,C2D_MESSAGE,C2D_MESSAGE
INTERNET,ACCESS_NETWORK_STATE
READ_EXTERNAL_STORAGE,WRITE_EXTERNAL_STORAGE,ACCESS_COARSE_LOCATION,ACCESS_FINE_LOCATION,RECEIVE_BOOT_COMPLETED,FOREGROUND_SERVICE,INTERNET,ACCESS_NETWORK_STATE,ACCESS_WIFI_STATE,WAKE_LOCK,MAPS_RECEIVE,MAPS_RECEIVE,READ_GSERVICES,VIBRATE,RECEIVE,BIND_GET_INSTALL_REFERRER_SERVICE
FOREGROUND_SERVICE,INTERNET,ACCESS_NETWORK_STATE,WAKE_LOCK,RECEIVE,AD_ID,BIND_GET_INSTALL_REFERRER_SERVICE,ACCESS_WIFI_STATE,RECEIVE_BOOT_COMPLETED
INTERNET,ACCESS_NETWORK_STATE,ACCESS_WIFI_STATE,WRITE_EXTERNAL_STORAGE,VIBRATE
INTERNET,WRITE_EXTERNAL_STORAGE,BILLING,ACCESS_NETWORK_STATE,WAKE_LOCK,BIND_GET_INSTALL_REFERRER_SERVICE
ACCESS_FINE_LOCATION,ACCESS_COARSE_LOCATION,INTERNET,CALL_PHONE,READ_PHONE_STATE,SEND_SMS,WRITE_EXTERNAL_STORAGE
INTERNET,WAKE_LOCK,ACCESS_NETWORK_STATE,READ_PHONE_STATE,MEDIA_CONTENT_CONTROL,WRITE_EXTERNAL_STORAGE,FOREGROUND_SERVICE
INTERNET,ACCESS_NETWORK_STATE,RECEIVE_BOOT_COMPLETED,VIBRATE,WAKE_LOCK,RECEIVE,C2D_MESSAGE
INTERNET,READ_EXTERNAL_STORAGE,WRITE_EXTERNAL_STORAGE,CAMERA,ACCESS_COARSE_LOCATION,ACCESS_FINE_LOCATION,READ_PHONE_STATE,ACCESS_NETWORK_STATE,WAKE_LOCK,RECEIVE,C2D_MESSAGE,C2D_MESSAGE
INTERNET,VIBRATE,RECEIVE_BOOT_COMPLETED,C2D_MESSAGE,C2D_MESSAGE,RECEIVE,ACCESS_NETWORK_STATE,WAKE_LOCK,BIND_GET_INSTALL_REFERRER_SERVICE,READ,WRITE,READ_SETTINGS,UPDATE_SHORTCUT,BROADCAST_BADGE,PROVIDER_INSERT_BADGE,UPDATE_COUNT,UPDATE_BADGE,CHANGE_BADGE,READ_SETTINGS,WRITE_SETTINGS,READ_APP_BADGE,READ_SETTINGS,WRITE_SETTINGS,BADGE_COUNT_READ,BADGE_COUNT_WRITE
INTERNET,BILLING,WAKE_LOCK,VIBRATE,GET_ACCOUNTS,C2D_MESSAGE,C2D_MESSAGE,RECEIVE,BROADCAST_STICKY,ACCESS_COARSE_LOCATION,CALL_PHONE,READ_PHONE_STATE,RECEIVE_BOOT_COMPLETED,READ_CONTACTS,ANSWER_PHONE_CALLS,WRITE_CONTACTS,SYSTEM_ALERT_WINDOW,ACCESS_NETWORK_STATE,ACCESS_NOTIFICATION_POLICY,BATTERY_STATS,READ,WRITE,READ_SETTINGS,UPDATE_SHORTCUT,BROADCAST_BADGE,PROVIDER_INSERT_BADGE,UPDATE_COUNT,UPDATE_BADGE,CHANGE_BADGE,READ_SETTINGS,WRITE_SETTINGS,READ_APP_BADGE,READ_SETTINGS,WRITE_SETTINGS,BADGE_COUNT_READ,BADGE_COUNT_WRITE,BIND_GET_INSTALL_REFERRER_SERVICE
SET_WALLPAPER,INTERNET,ACCESS_NETWORK_STATE,WRITE_EXTERNAL_STORAGE,READ_EXTERNAL_STORAGE,VIBRATE,AD_ID,WAKE_LOCK,RECEIVE_BOOT_COMPLETED,FOREGROUND_SERVICE,BIND_GET_INSTALL_REFERRER_SERVICE

INTERNET,ACCESS_NETWORK_STATE,BILLING,VIBRATE,ACCESS_FINE_LOCATION
INTERNET,ACCESS_COARSE_LOCATION,ACCESS_FINE_LOCATION,ACCESS_NETWORK_STATE,GET_ACCOUNTS,USE_CREDENTIALS,WAKE_LOCK,VIBRATE,RECEIVE,C2D_MESSAGE,C2D_MESSAGE,READ,WRITE,READ_SETTINGS,UPDATE_SHORTCUT,BROADCAST_BADGE,PROVIDER_INSERT_BADGE,UPDATE_COUNT,UPDATE_BADGE,CHANGE_BADGE,READ_SETTINGS,WRITE_SETTINGS,READ_APP_BADGE,READ_SETTINGS,WRITE_SETTINGS,BADGE_COUNT_READ,BADGE_COUNT_WRITE
INTERNET,AD_ID,VIBRATE,ACCESS_NETWORK_STATE,WAKE_LOCK,RECEIVE_BOOT_COMPLETED,FOREGROUND_SERVICE
INTERNET,ACCESS_NETWORK_STATE,WAKE_LOCK
ACCESS_NETWORK_STATE,INTERNET,READ_PHONE_STATE,ACCESS_WIFI_STATE,WRITE_EXTERNAL_STORAGE,RECEIVE_BOOT_COMPLETED,WAKE_LOCK,RECEIVE_USER_PRESENT,VIBRATE
INTERNET
INTERNET,FOREGROUND_SERVICE,ACCESS_COARSE_LOCATION,ACCESS_FINE_LOCATION,ACCESS_WIFI_STATE,ACCESS_NETWORK_STATE,CAMERA,GET_PACKAGE_SIZE,VIBRATE,AD_ID,NFC,POST_NOTIFICATIONS,WAKE_LOCK,RECEIVE,BIND_GET_INSTALL_REFERRER_SERVICE,RECEIVE_BOOT_COMPLETED,DYNAMIC_RECEIVER_NOT_EXPORTED_PERMISSION,DYNAMIC_RECEIVER_NOT_EXPORTED_PERMISSION,RECORD_AUDIO,MODIFY_AUDIO_SETTINGS,BLUETOOTH,USE_FULL_SCREEN_INTENT,Get Veriff status reports
INTERNET,ACCESS_NETWORK_STATE,READ_PHONE_STATE,WAKE_LOCK
INTERNET,WAKE_LOCK,ACCESS_NETWORK_STATE,READ_PHONE_STATE,FOREGROUND_SERVICE,MEDIA_CONTENT_CONTROL
ACCESS_NETWORK_STATE,ACCESS_WIFI_STATE,INTERNET,WRITE_EXTERNAL_STORAGE,ACCESS_FINE_LOCATION,READ_EXTERNAL_STORAGE,CALL_PHONE,READ_PHONE_STATE,ACCESS_COARSE_LOCATION,ACCESS_FINE_LOCATION,WAKE_LOCK
WAKE_LOCK,CHANGE_CONFIGURATION,WRITE_EXTERNAL_STORAGE,INTERNET,READ_HISTORY_BOOKMARKS,WRITE_HISTORY_BOOKMARKS,SYSTEM_ALERT_WINDOW,ACCESS_NETWORK_STATE
INTERNET,BLUETOOTH,BLUETOOTH_ADMIN,ACCESS_COARSE_LOCATION,ACCESS_FINE_LOCATION,ACCESS_BACKGROUND_LOCATION,FOREGROUND_SERVICE,WRITE_EXTERNAL_STORAGE,READ_PHONE_STATE,READ_EXTERNAL_STORAGE,ACCESS_NETWORK_STATE
INTERNET,WRITE_EXTERNAL_STORAGE,READ_EXTERNAL_STORAGE,ACCESS_NETWORK_STATE,ACCESS_FINE_LOCATION,ACCESS_COARSE_LOCATION,GET_ACCOUNTS,MANAGE_ACCOUNTS,AUTHENTICATE_ACCOUNTS,WRITE_SYNC_SETTINGS,READ_SYNC_SETTINGS,READ_SYNC_STATS,CALL_PHONE
WAKE_LOCK,WRITE_EXTERNAL_STORAGE,READ_EXTERNAL_STORAGE,INTERNET,ACCESS_NETWORK_STATE,ACCESS_WIFI_STATE,CAMERA,RECEIVE_BOOT_COMPLETED,BILLING,SYSTEM_UI_VISIBILITY_EXTENSION,FOREGROUND_SERVICE,BIND_GET_INSTALL_REFERRER_SERVICE
READ_EXTERNAL_STORAGE,WRITE_EXTERNAL_STORAGE,ACCESS_COARSE_LOCATION,ACCESS_FINE_LOCATION,RECEIVE_BOOT_COMPLETED,FOREGROUND_SERVICE,INTERNET,ACCESS_NETWORK_STATE,ACCESS_WIFI_STATE,WAKE_LOCK,MAPS_RECEIVE,MAPS_RECEIVE,READ_GSERVICES,VIBRATE,RECEIVE,BIND_GET_INSTALL_REFERRER_SERVICE
WRITE_EXTERNAL_STORAGE,READ_EXTERNAL_STORAGE,INTERNET,ACCESS_NETWORK_STATE,RECEIVE_BOOT_COMPLETED,VIBRATE,GET_TASKS,RECORD_AUDIO,RECEIVE,READ_GSERVICES,PACKAGE_USAGE_STATS,WRITE_SETTINGS,C2D_MESSAGE,C2D_MESSAGE
RECEIVE_BOOT_COMPLETED,INTERNET,RECORD_AUDIO,WAKE_LOCK,ACCESS_NETWORK_STATE,WRITE_EXTERNAL_STORAGE,USE_SIP,CONFIGURE_SIP,READ_PHONE_STATE,WRITE_SETTINGS,ACCESS_WIFI_STATE,CALL_PHONE,MODIFY_AUDIO_SETTINGS,RECEIVE,C2D_MESSAGE,C2D_MESSAGE
ACCESS_NETWORK_STATE,CAMERA,INTERNET,WAKE_LOCK,USE_BIOMETRIC,VIBRATE,USE_FINGERPRINT,RECEIVE
AD_ID,ACCESS_FINE_LOCATION,ACCESS_COARSE_LOCATION,ACCESS_NETWORK_STATE,INTERNET,WRITE_EXTERNAL_STORAGE,READ_EXTERNAL_STORAGE,GET_PACKAGE_SIZE,READ_PHONE_STATE,ACCESS_WIFI_STATE,CHANGE_WIFI_STATE,RECEIVE_BOOT_COMPLETED,BIND_ACCESSIBILITY_SERVICE,INSTALL_SHORTCUT,CAMERA,MOUNT_UNMOUNT_FILESYSTEMS,REQUEST_INSTALL_PACKAGES,FOREGROUND_SERVICE,OPPO_COMPONENT_SAFE,WAKE_LOCK,REQUEST_DELETE_PACKAGES,INTERNET,ACCESS_NETWORK_STATE,WRITE_EXTERNAL_STORAGE,READ_PHONE_STATE,GET_PACKAGE_SIZE,READ_PHONE_STATE,SYSTEM_ALERT_WINDOW,BROADCAST,CHANGE_NETWORK_STATE,REORDER_TASKS,BIND_GET_INSTALL_REFERRER_SERVICE,RECEIVE,VIBRATE,FLASHLIGHT,READ_PRIVILEGED_PHONE_STATE,RECORD_AUDIO
BILLING,INTERACT_ACROSS_USERS_FULL,INTERNET,ACCESS_WIFI_STATE,ACCESS_NETWORK_STATE,READ_PHONE_STATE,ACCESS_COARSE_LOCATION,ACCESS_FINE_LOCATION,READ_GSERVICES,WRITE_EXTERNAL_STORAGE
INTERNET,ACCESS_NETWORK_STATE,ACCESS_WIFI_STATE,WAKE_LOCK,RECEIVE,C2D_MESSAGE,C2D_MESSAGE
WRITE_EXTERNAL_STORAGE,READ_EXTERNAL_STORAGE,ACCESS_WIFI_STATE,ACCESS_NETWORK_STATE,INTERNET,BIND_GET_INSTALL_REFERRER_SERVICE,READ_PHONE_STATE
INTERNET
ACCESS_FINE_LOCATIsON,RECORD_AUDIO,INTERNET,GET_ACCOUNTS,WAKE_LOCK,READ_EXTERNAL_STORAGE,WRITE_EXTERNAL_STORAGE,ACCESS_NETWORK_STATE,VIBRATE,CAMERA,FLASHLIGHT,ACCESS_WIFI_STATE,CHANGE_WIFI_STATE,ACCESS_COARSE_LOCATION,ACCESS_FINE_LOCATION,RECEIVE_BOOT_COMPLETED,CHANGE_NETWORK_STATE,RECEIVE,BIND_GET_INSTALL_REFERRER_SERVICE
INTERNET,RECORD_AUDIO,FOREGROUND_SERVICE,WAKE_LOCK,GET_ACCOUNTS,USE_CREDENTIALS,MANAGE_ACCOUNTS,AUTHENTICATE_ACCOUNTS,READ_PHONE_STATE,ACCESS_NETWORK_STATE,ACCESS_WIFI_STATE,VIBRATE,MIPUSH_RECEIVE,MIPUSH_RECEIVE,CAMERA,READ_EXTERNAL_STORAGE,WRITE_EXTERNAL_STORAGE,RECEIVE,BIND_GET_INSTALL_REFERRER_SERVICE
INTERNET,ACCESS_NETWORK_STATE,FOREGROUND_SERVICE,SYSTEM_ALERT_WINDOW,BILLING,AD_ID,WAKE_LOCK,RECEIVE_BOOT_COMPLETED
INTERNET,ACCESS_NETWORK_STATE
INTERNET,ACCESS_NETWORK_STATE
INTERNET,RECEIVE,ACCESS_NETWORK_STATE,WAKE_LOCK,C2D_MESSAGE,C2D_MESSAGE
AD_ID,ACCESS_FINE_LOCATION,ACCESS_COARSE_LOCATION,ACCESS_NETWORK_STATE,INTERNET,WRITE_EXTERNAL_STORAGE,READ_EXTERNAL_STORAGE,GET_PACKAGE_SIZE,READ_PHONE_STATE,ACCESS_WIFI_STATE,CHANGE_WIFI_STATE,RECEIVE_BOOT_COMPLETED,BIND_ACCESSIBILITY_SERVICE,INSTALL_SHORTCUT,CAMERA,MOUNT_UNMOUNT_FILESYSTEMS,REQUEST_INSTALL_PACKAGES,FOREGROUND_SERVICE,OPPO_COMPONENT_SAFE,WAKE_LOCK,REQUEST_DELETE_PACKAGES,INTERNET,ACCESS_NETWORK_STATE,WRITE_EXTERNAL_STORAGE,READ_PHONE_STATE,GET_PACKAGE_SIZE,READ_PHONE_STATE,SYSTEM_ALERT_WINDOW,BROADCAST,CHANGE_NETWORK_STATE,REORDER_TASKS,BIND_GET_INSTALL_REFERRER_SERVICE,RECEIVE,VIBRATE,FLASHLIGHT,READ_PRIVILEGED_PHONE_STATE,RECORD_AUDIO
WRITE_EXTERNAL_STORAGE,INTERNET,ACCESS_NETWORK_STATE

ACCESS_NETWORK_STATE,INTERNET,ACCESS_WIFI_STATE,READ_EXTERNAL_STORAGE,RECORD_AUDIO,MODIFY_AUDIO_SETTINGS,CAMERA,WAKE_LOCK,REORDER_TASKS,VIBRATE,WRITE_EXTERNAL_STORAGE,ACCESS_COARSE_LOCATION,ACCESS_FINE_LOCATION,BILLING,AD_ID,BLUETOOTH,RECEIVE,BIND_GET_INSTALL_REFERRER_SERVICE,RECEIVE_BOOT_COMPLETED,FOREGROUND_SERVICE
CALL_PHONE,SYSTEM_ALERT_WINDOW,GET_TASKS,RECEIVE_BOOT_COMPLETED,VIBRATE,ACCESS_DATA,ACCESS_DATA
ACCESS_NETWORK_STATE,ACCESS_WIFI_STATE,INTERNET,WRITE_EXTERNAL_STORAGE
READ_CONTACTS,WRITE_CONTACTS,WRITE_EXTERNAL_STORAGE,MANAGE_EXTERNAL_STORAGE,VIBRATE,BILLING,GET_PACKAGE_SIZE,INTERNET,FOREGROUND_SERVICE
INTERNET,WRITE_EXTERNAL_STORAGE,ACCESS_COARSE_LOCATION,ACCESS_FINE_LOCATION,WAKE_LOCK,READ,WRITE,READ_SETTINGS,UPDATE_SHORTCUT,BROADCAST_BADGE,PROVIDER_INSERT_BADGE,UPDATE_COUNT,UPDATE_BADGE,CHANGE_BADGE,READ_SETTINGS,WRITE_SETTINGS,READ_APP_BADGE,READ_SETTINGS,WRITE_SETTINGS,BADGE_COUNT_READ,BADGE_COUNT_WRITE
AD_ID,ACCESS_FINE_LOCATION,ACCESS_COARSE_LOCATION,ACCESS_NETWORK_STATE,INTERNET,WRITE_EXTERNAL_STORAGE,READ_EXTERNAL_STORAGE,GET_PACKAGE_SIZE,READ_PHONE_STATE,ACCESS_WIFI_STATE,CHANGE_WIFI_STATE,RECEIVE_BOOT_COMPLETED,BIND_ACCESSIBILITY_SERVICE,INSTALL_SHORTCUT,CAMERA,MOUNT_UNMOUNT_FILESYSTEMS,REQUEST_INSTALL_PACKAGES,FOREGROUND_SERVICE,OPPO_COMPONENT_SAFE,WAKE_LOCK,REQUEST_DELETE_PACKAGES,INTERNET,ACCESS_NETWORK_STATE,WRITE_EXTERNAL_STORAGE,READ_PHONE_STATE,GET_PACKAGE_SIZE,READ_PHONE_STATE,SYSTEM_ALERT_WINDOW,BROADCAST,CHANGE_NETWORK_STATE,REORDER_TASKS,BIND_GET_INSTALL_REFERRER_SERVICE,RECEIVE,VIBRATE,FLASHLIGHT,READ_PRIVILEGED_PHONE_STATE,RECORD_AUDIO
ACCESS_NETWORK_STATE,INTERNET,WRITE_CALENDAR,READ_CALENDAR
INTERNET,ACCESS_NETWORK_STATE,READ_PHONE_STATE,VIBRATE,RECEIVE_BOOT_COMPLETED,WRITE_EXTERNAL_STORAGE,ACCESS_WIFI_STATE,READ_EXTERNAL_STORAGE,FOREGROUND_SERVICE,WAKE_LOCK,MEDIA_CONTENT_CONTROL,RECEIVE
INTERNET,ACCESS_NETWORK_STATE,ACCESS_FINE_LOCATION,ACCESS_COARSE_LOCATION,READ_EXTERNAL_STORAGE,WRITE_EXTERNAL_STORAGE,WAKE_LOCK,VIBRATE,RECEIVE,CAMERA,FLASHLIGHT,C2D_MESSAGE,C2D_MESSAGE,BIND_GET_INSTALL_REFERRER_SERVICE,READ,WRITE,READ_SETTINGS,UPDATE_SHORTCUT,BROADCAST_BADGE,PROVIDER_INSERT_BADGE,UPDATE_COUNT,UPDATE_BADGE,CHANGE_BADGE,READ_SETTINGS,WRITE_SETTINGS,READ_APP_BADGE,READ_SETTINGS,WRITE_SETTINGS,BADGE_COUNT_READ,BADGE_COUNT_WRITE
INTERNET,ACCESS_NETWORK_STATE,GET_ACCOUNTS,WRITE_EXTERNAL_STORAGE,RECEIVE,USE_CREDENTIALS
INTERNET,ACCESS_NETWORK_STATE,ACCESS_FINE_LOCATION
INTERNET,WAKE_LOCK,ACCESS_NETWORK_STATE,WRITE_EXTERNAL_STORAGE
INTERNET,ACCESS_NETWORK_STATE,WAKE_LOCK,RECEIVE,C2D_MESSAGE,C2D_MESSAGE
INTERNET,ACCESS_NETWORK_STATE
AD_ID,ACCESS_FINE_LOCATION,ACCESS_COARSE_LOCATION,ACCESS_NETWORK_STATE,INTERNET,WRITE_EXTERNAL_STORAGE,READ_EXTERNAL_STORAGE,GET_PACKAGE_SIZE,READ_PHONE_STATE,ACCESS_WIFI_STATE,CHANGE_WIFI_STATE,RECEIVE_BOOT_COMPLETED,BIND_ACCESSIBILITY_SERVICE,INSTALL_SHORTCUT,CAMERA,MOUNT_UNMOUNT_FILESYSTEMS,REQUEST_INSTALL_PACKAGES,FOREGROUND_SERVICE,OPPO_COMPONENT_SAFE,WAKE_LOCK,REQUEST_DELETE_PACKAGES,INTERNET,ACCESS_NETWORK_STATE,WRITE_EXTERNAL_STORAGE,READ_PHONE_STATE,GET_PACKAGE_SIZE,READ_PHONE_STATE,SYSTEM_ALERT_WINDOW,BROADCAST,CHANGE_NETWORK_STATE,REORDER_TASKS,BIND_GET_INSTALL_REFERRER_SERVICE,RECEIVE,VIBRATE,FLASHLIGHT,READ_PRIVILEGED_PHONE_STATE,RECORD_AUDIO
INTERNET,ACCESS_NETWORK_STATE,WRITE_EXTERNAL_STORAGE,ACCESS_COARSE_LOCATION,VIBRATE,READ_GSERVICES,RECEIVE,WAKE_LOCK,C2D_MESSAGE,C2D_MESSAGE
BILLING,INTERNET,WRITE_EXTERNAL_STORAGE,ACCESS_NETWORK_STATE
INTERNET,WAKE_LOCK,ACCESS_NETWORK_STATE,RECEIVE_BOOT_COMPLETED
18,INTERNET,ACCESS_NETWORK_STATE,VIBRATE,FOREGROUND_SERVICE,RECEIVE_BOOT_COMPLETED,BILLING,ACCESS_WIFI_STATE,WAKE_LOCK,AD_ID,READ_EXTERNAL_STORAGE,RECEIVE,BIND_GET_INSTALL_REFERRER_SERVICE
