116174,birdsonneries.younes
85543,com.andromo.dev220552.app322246
38845,com.yunzhi.infinite
125818,com.es.Gemaire
120327,com.app.free.studio.ios7.lock
9264,com.vibrator.massage.relax
40454,sk.jfox.weather.saskatoon
134934,com.cipl.Bubbles
112628,com.mobisoft.kitapyurdu
70401,com.modux.parkour.wallpapers
61962,com.magzter.thebusinessexchangeswindonandwiltshire
37026,biz.app4mobile.app_6c67f7135ee843dd84c456cf42380631.app
136517,com.conduit.app_c122aa6374be4980adc1b9d3688e105e.app
13615,com.jb.gokeyboard.theme.tmemetalkb
131748,ivan.batalov.dice_wars
133306,com.koimoi.bollywoodboxoffice
103728,com.rocks.music.videoplayer
12889,net.p4p.legs
149270,com.rayandev.primevideo
142032,novum.inceptum.screenfilter
51855,com.esolution.ministryapp67
36017,com.apppub.tricks4coc
146193,com.BK.Music.Nightcore
37425,com.pickme.passenger
98833,y
143201,com.imissyoulove.dreamsking
22989,com.uroad.my
81718,com.Tobit.android.Slitte6775822378
57774,com.fragron.indianow24
158092,com.Required_skills.Magical_pen
85275,com.lisbonlabs.bedtimexpress.pl.h39
89097,com.fullfat.android.flickgolffree
77411,com.slideme.sam.manager
21458,com.MehriaApps.PashtoBayanat
131205,y
148497,com.andromo.dev405493.app422281
71596,com.pinotbleu
128635,kidgames.abc.pack
156080,com.echurchapps.firstchristc
59904,com.arnica.network88
35524,com.sjCorp.catalogviewer_jxjyjd
17998,com.Funbook.Augustwallpapers
49428,com.hour.chat
69331,toyorjana.baby.asouk
101151,kr.co.lgfashion.lgfashionshop.v28
110271,lt.mb.PlayHonda
116405,com.funtooshstudio.hotel.room.and.laundry.wash
149896,y
108470,com.andromo.dev516013.app552030
42889,fr.jpthiebaut.calcultvafrance
118438,com.BatteryPop.Consume
3341,com.ble.gsense.newinLux
79640,com.ots.aljazira
55046,com.goodbarber.applindavista
89961,com.jzz.mobilecaller.locationtracker.navigation.free
88082,com.ThetaGames.Impossible_Bounce
136209,com.adrorodri.tarifario
68050,y
68161,com.billy.Haven_Game
150376,air.com.easySoftwareSolutions.searchservices
19922,birdsonneries.younes
6728,com.instagram.igtv
6344,com.amcreatives.CCSG
156594,com.psassistant.newapp
158718,com.conduit.app_1eeee24104e9491fb0a70c233b638594.app
29818,com.goojje.appbddbf848c6023cc8a7a7f6997fbf7d2e
48886,com.harrycaray.soundboard
12857,biz.ctgweb.milb.albuquerque
153154,com.yamme.flashon.call.sms.alert.flashlight
58998,com.gli.superheroes
122485,com.subsplash.thechurchapp.s_THC5D5
86472,uc.ucdl
147402,com.ddangel.sarashowtwentyfive
118247,net.jp.apps.nishikawayuko.kankoyu
91358,com.abvisheridanar.cgs
57823,air.uk.co.e_learningwmb.anti_money_laundering_regulated_activities
131930,y
112984,food.color.number.pixelart
140586,com.appsprime.zoomfullhd
1410,e.dailymailplus.android
51242,apptrends.christmas_photo_frames
72336,io.cordova.luckycity4u
61892,com.joozapp.wasfa
112950,com.summerapps.sevillewallpapers
32760,com.ceteralabs.rss_tver
134277,com.cakenamepix
50878,com.aceart.teamspeak
144546,com.goldencoach.app
59032,com.worldmanager.boostint
152585,com.appworkbench.stickmanrage
131101,com.mmicunovic.droid.autoskola.tocak
125537,com.dub.app.waltersState